zip_code,cluster
00010,gialli
00010,rossi
00010,verde_ftth
00012,gialli
00013,gialli
00013,rossi
00015,gialli
00017,verde_ftth
00018,verde_ftth
00019,gialli
00020,gialli
00020,rossi
00020,verde_ftth
00020,verde_fwa
00021,gialli
00022,gialli
00023,verde_fwa
00024,gialli
00025,rossi
00026,rossi
00027,gialli
00028,verde_fwa
00029,gialli
00030,gialli
00030,rossi
00030,verde_ftth
00030,verde_fwa
00031,gialli
00032,rossi
00033,verde_ftth
00034,verde_fwa
00035,verde_fwa
00036,verde_ftth
00037,verde_fwa
00038,rossi
00039,verde_ftth
00040,rossi
00040,verde_ftth
00041,verde_ftth
00042,gialli
00043,verde_ftth
00044,gialli
00045,verde_ftth
00046,gialli
00047,gialli
00048,rossi
00049,gialli
00051,verde_fwa
00052,gialli
00053,gialli
00054,gialli
00055,verde_fwa
00058,gialli
00059,gialli
00060,gialli
00060,rossi
00060,verde_ftth
00060,verde_fwa
00061,verde_ftth
00062,rossi
00063,verde_ftth
00065,rossi
00066,rossi
00067,gialli
00068,rossi
00069,verde_ftth
00071,gialli
00072,verde_ftth
00073,verde_ftth
00074,verde_ftth
00075,verde_ftth
00076,rossi
00077,verde_ftth
00078,gialli
00079,verde_ftth
00118,gialli
00119,gialli
00121,gialli
00122,gialli
00123,gialli
00124,gialli
00125,gialli
00126,gialli
00127,gialli
00128,gialli
00131,gialli
00132,gialli
00133,gialli
00134,gialli
00135,gialli
00136,gialli
00137,gialli
00138,gialli
00139,gialli
00141,gialli
00142,gialli
00143,gialli
00144,gialli
00145,gialli
00146,gialli
00147,gialli
00148,gialli
00149,gialli
00151,gialli
00152,gialli
00153,gialli
00154,gialli
00155,gialli
00156,gialli
00157,gialli
00158,gialli
00159,gialli
00161,gialli
00162,gialli
00163,gialli
00164,gialli
00165,gialli
00166,gialli
00167,gialli
00168,gialli
00169,gialli
00171,gialli
00172,gialli
00173,gialli
00174,gialli
00175,gialli
00176,gialli
00177,gialli
00178,gialli
00179,gialli
00181,gialli
00182,gialli
00183,gialli
00184,gialli
00185,gialli
00186,gialli
00187,gialli
00188,gialli
00189,gialli
00191,gialli
00192,gialli
00193,gialli
00195,gialli
00196,gialli
00197,gialli
00198,gialli
00199,gialli
01010,gialli
01010,rossi
01010,verde_ftth
01010,verde_fwa
01011,verde_fwa
01012,verde_ftth
01014,gialli
01015,verde_ftth
01016,rossi
01017,gialli
01018,verde_fwa
01019,verde_fwa
01020,gialli
01020,rossi
01020,verde_ftth
01021,rossi
01022,rossi
01023,rossi
01024,gialli
01025,verde_ftth
01027,verde_fwa
01028,gialli
01030,gialli
01030,rossi
01030,verde_ftth
01030,verde_fwa
01032,verde_ftth
01033,verde_ftth
01034,rossi
01035,gialli
01036,rossi
01037,verde_ftth
01038,verde_ftth
01039,verde_fwa
01100,gialli
02010,gialli
02010,rossi
02010,verde_ftth
02010,verde_fwa
02011,rossi
02012,rossi
02013,verde_ftth
02014,verde_fwa
02015,verde_fwa
02016,rossi
02018,verde_fwa
02019,rossi
02020,rossi
02020,verde_ftth
02021,verde_ftth
02022,verde_ftth
02023,rossi
02024,verde_ftth
02025,rossi
02026,rossi
02030,gialli
02030,rossi
02030,verde_ftth
02030,verde_fwa
02031,gialli
02032,verde_ftth
02033,verde_ftth
02034,gialli
02035,rossi
02037,verde_fwa
02038,verde_ftth
02039,verde_fwa
02040,gialli
02040,rossi
02040,verde_ftth
02040,verde_fwa
02041,verde_ftth
02042,verde_ftth
02043,rossi
02044,verde_ftth
02045,rossi
02046,verde_ftth
02047,rossi
02048,gialli
02049,verde_ftth
02100,gialli
03010,gialli
03010,rossi
03010,verde_ftth
03010,verde_fwa
03011,verde_ftth
03012,gialli
03013,verde_fwa
03014,verde_fwa
03016,gialli
03017,rossi
03018,verde_fwa
03019,gialli
03020,gialli
03020,rossi
03020,verde_ftth
03020,verde_fwa
03021,verde_ftth
03022,verde_ftth
03023,gialli
03024,verde_ftth
03025,verde_ftth
03026,rossi
03027,verde_ftth
03028,gialli
03029,rossi
03030,gialli
03030,rossi
03030,verde_ftth
03030,verde_fwa
03031,verde_fwa
03032,gialli
03033,gialli
03034,gialli
03035,verde_ftth
03036,verde_ftth
03037,rossi
03038,rossi
03039,verde_ftth
03040,gialli
03040,rossi
03040,verde_ftth
03040,verde_fwa
03041,gialli
03042,verde_ftth
03043,verde_ftth
03044,gialli
03045,verde_ftth
03046,gialli
03047,verde_ftth
03048,verde_ftth
03049,verde_fwa
03100,gialli
04010,gialli
04010,rossi
04010,verde_ftth
04010,verde_fwa
04011,gialli
04012,gialli
04013,rossi
04014,verde_fwa
04015,verde_fwa
04016,rossi
04017,verde_fwa
04018,verde_fwa
04019,gialli
04020,rossi
04020,verde_ftth
04020,verde_fwa
04021,verde_ftth
04022,gialli
04023,verde_fwa
04024,verde_fwa
04025,verde_ftth
04026,verde_fwa
04027,rossi
04029,verde_ftth
04100,gialli
05010,verde_ftth
05011,verde_ftth
05012,verde_ftth
05013,verde_ftth
05014,verde_ftth
05015,verde_ftth
05016,verde_ftth
05017,gialli
05018,verde_ftth
05020,verde_ftth
05021,verde_ftth
05022,gialli
05023,verde_ftth
05024,verde_ftth
05025,verde_ftth
05026,verde_ftth
05028,verde_ftth
05029,verde_ftth
05030,gialli
05030,verde_ftth
05031,verde_ftth
05032,gialli
05034,verde_ftth
05035,gialli
05039,gialli
05100,gialli
06010,gialli
06012,verde_fwa
06014,verde_ftth
06016,verde_fwa
06019,verde_fwa
06021,verde_ftth
06022,verde_ftth
06023,verde_ftth
06024,verde_ftth
06025,verde_ftth
06026,verde_ftth
06027,verde_ftth
06028,verde_ftth
06029,verde_ftth
06030,verde_ftth
06031,verde_ftth
06033,verde_ftth
06034,gialli
06035,verde_ftth
06036,verde_ftth
06038,gialli
06039,verde_ftth
06040,verde_ftth
06041,verde_ftth
06042,verde_ftth
06043,gialli
06044,verde_ftth
06045,verde_ftth
06046,verde_fwa
06047,verde_ftth
06049,verde_ftth
06050,gialli
06053,verde_ftth
06054,verde_ftth
06055,verde_fwa
06056,verde_ftth
06057,verde_ftth
06059,gialli
06060,verde_ftth
06061,gialli
06062,verde_fwa
06063,gialli
06064,verde_ftth
06065,verde_ftth
06066,verde_ftth
06069,verde_ftth
06073,gialli
06081,verde_fwa
06083,verde_fwa
06084,verde_ftth
06089,verde_ftth
06121,gialli
06122,gialli
06123,gialli
06124,gialli
06125,gialli
06126,gialli
06127,gialli
06128,gialli
06129,gialli
06131,gialli
06132,gialli
06133,gialli
06134,gialli
06135,gialli
07010,gialli
07010,rossi
07010,verde_ftth
07010,verde_fwa
07011,rossi
07012,verde_fwa
07013,verde_fwa
07014,verde_fwa
07015,rossi
07016,rossi
07017,verde_fwa
07018,verde_fwa
07019,rossi
07020,gialli
07020,rossi
07020,verde_fwa
07021,gialli
07022,gialli
07023,verde_fwa
07024,gialli
07025,verde_fwa
07026,gialli
07027,verde_fwa
07028,rossi
07029,verde_fwa
07030,gialli
07030,verde_fwa
07031,verde_fwa
07032,verde_fwa
07033,gialli
07034,verde_fwa
07035,verde_fwa
07036,verde_fwa
07037,verde_fwa
07038,verde_fwa
07039,gialli
07040,gialli
07040,rossi
07040,verde_fwa
07041,rossi
07043,verde_fwa
07044,rossi
07045,verde_fwa
07046,rossi
07047,gialli
07048,verde_fwa
07049,verde_fwa
07051,verde_fwa
07052,verde_fwa
07100,gialli
08010,rossi
08011,rossi
08012,rossi
08015,rossi
08016,rossi
08017,rossi
08018,rossi
08020,gialli
08020,rossi
08020,verde_fwa
08021,rossi
08022,verde_fwa
08023,rossi
08024,rossi
08025,verde_fwa
08026,rossi
08027,rossi
08028,verde_fwa
08029,verde_fwa
08030,rossi
08031,rossi
08032,rossi
08036,rossi
08038,rossi
08039,rossi
08040,gialli
08040,rossi
08040,verde_ftth
08040,verde_fwa
08042,rossi
08044,verde_fwa
08045,verde_fwa
08046,rossi
08047,verde_fwa
08048,gialli
08049,verde_fwa
08100,verde_ftth
09010,gialli
09010,rossi
09010,verde_fwa
09011,verde_fwa
09012,verde_ftth
09013,verde_ftth
09014,gialli
09015,verde_fwa
09016,verde_ftth
09017,verde_fwa
09018,verde_fwa
09019,rossi
09020,rossi
09021,rossi
09022,rossi
09023,gialli
09024,rossi
09025,rossi
09026,verde_fwa
09027,rossi
09028,verde_ftth
09029,rossi
09030,gialli
09030,rossi
09031,rossi
09032,verde_ftth
09033,gialli
09034,verde_ftth
09035,rossi
09036,rossi
09037,rossi
09038,rossi
09039,rossi
09040,gialli
09040,rossi
09040,verde_fwa
09041,rossi
09042,verde_ftth
09043,verde_fwa
09044,verde_ftth
09045,gialli
09047,verde_ftth
09048,verde_ftth
09049,verde_fwa
09051,rossi
09052,rossi
09053,rossi
09054,rossi
09055,rossi
09056,rossi
09057,rossi
09058,rossi
09059,rossi
09061,rossi
09062,rossi
09063,rossi
09064,rossi
09065,rossi
09066,rossi
09070,rossi
09071,rossi
09072,rossi
09073,rossi
09074,rossi
09075,rossi
09076,rossi
09077,rossi
09078,rossi
09079,rossi
09080,rossi
09081,rossi
09082,rossi
09083,rossi
09084,rossi
09085,rossi
09086,rossi
09088,rossi
09089,rossi
09090,rossi
09091,rossi
09092,rossi
09093,rossi
09094,rossi
09095,rossi
09096,rossi
09097,rossi
09098,rossi
09099,rossi
09121,gialli
09122,gialli
09123,gialli
09124,gialli
09125,gialli
09126,gialli
09127,gialli
09128,gialli
09129,gialli
09131,gialli
09134,gialli
09170,verde_ftth
10010,gialli
10010,rossi
10010,verde_ftth
10010,verde_fwa
10011,verde_ftth
10012,verde_fwa
10013,verde_ftth
10014,verde_ftth
10015,gialli
10016,verde_fwa
10017,verde_fwa
10018,gialli
10019,verde_ftth
10020,gialli
10020,rossi
10020,verde_ftth
10020,verde_fwa
10022,verde_fwa
10023,verde_ftth
10024,gialli
10025,verde_ftth
10026,gialli
10028,gialli
10029,gialli
10030,gialli
10030,verde_ftth
10031,verde_ftth
10032,verde_fwa
10034,gialli
10035,verde_ftth
10036,gialli
10037,verde_ftth
10038,verde_ftth
10039,verde_ftth
10040,gialli
10040,rossi
10040,verde_ftth
10040,verde_fwa
10041,verde_ftth
10042,gialli
10043,verde_ftth
10044,verde_ftth
10045,rossi
10046,gialli
10046,verde_ftth
10048,verde_fwa
10050,gialli
10050,rossi
10050,verde_ftth
10050,verde_fwa
10051,verde_fwa
10052,verde_fwa
10053,verde_fwa
10054,rossi
10054,verde_fwa
10055,gialli
10056,verde_fwa
10057,verde_fwa
10058,verde_fwa
10059,verde_ftth
10059,verde_fwa
10060,gialli
10060,rossi
10060,verde_ftth
10060,verde_fwa
10061,verde_ftth
10062,verde_fwa
10063,verde_ftth
10064,verde_ftth
10065,gialli
10065,verde_fwa
10066,verde_fwa
10067,verde_fwa
10068,verde_fwa
10069,verde_fwa
10070,gialli
10070,rossi
10070,verde_ftth
10070,verde_fwa
10071,verde_fwa
10072,verde_fwa
10073,rossi
10074,verde_ftth
10075,verde_ftth
10076,gialli
10077,gialli
10078,verde_ftth
10079,verde_fwa
10080,gialli
10080,rossi
10080,verde_ftth
10080,verde_fwa
10081,rossi
10082,gialli
10083,verde_ftth
10084,verde_ftth
10085,verde_ftth
10086,verde_fwa
10087,verde_fwa
10088,verde_fwa
10089,verde_ftth
10090,gialli
10090,rossi
10090,verde_ftth
10090,verde_fwa
10091,verde_fwa
10092,verde_ftth
10093,gialli
10094,gialli
10094,verde_ftth
10095,verde_ftth
10098,gialli
10099,verde_ftth
10121,gialli
10122,gialli
10123,gialli
10124,gialli
10125,gialli
10126,gialli
10127,gialli
10128,gialli
10129,gialli
10131,gialli
10132,gialli
10133,gialli
10134,gialli
10135,gialli
10136,gialli
10137,gialli
10138,gialli
10139,gialli
10141,gialli
10142,gialli
10143,gialli
10144,gialli
10145,gialli
10146,gialli
10147,gialli
10148,gialli
10149,gialli
10151,gialli
10152,gialli
10153,gialli
10154,gialli
10155,gialli
10156,gialli
11010,gialli
11010,rossi
11010,verde_ftth
11010,verde_fwa
11011,verde_ftth
11012,verde_ftth
11013,verde_fwa
11014,gialli
11014,verde_fwa
11015,verde_fwa
11016,verde_fwa
11017,gialli
11018,gialli
11020,gialli
11020,rossi
11020,verde_ftth
11020,verde_fwa
11022,verde_ftth
11023,verde_ftth
11024,verde_ftth
11025,verde_ftth
11026,verde_fwa
11027,verde_fwa
11028,rossi
11029,verde_ftth
11100,verde_ftth
12010,gialli
12010,rossi
12010,verde_ftth
12010,verde_fwa
12011,verde_fwa
12012,gialli
12013,verde_fwa
12014,verde_fwa
12015,verde_fwa
12016,gialli
12017,verde_fwa
12018,gialli
12019,verde_fwa
12020,gialli
12020,rossi
12020,verde_ftth
12020,verde_fwa
12021,rossi
12022,gialli
12023,gialli
12024,verde_ftth
12025,gialli
12025,verde_fwa
12026,verde_fwa
12027,rossi
12028,rossi
12029,verde_fwa
12030,gialli
12030,rossi
12030,verde_ftth
12030,verde_fwa
12031,verde_fwa
12032,gialli
12033,verde_fwa
12034,verde_fwa
12035,gialli
12036,verde_ftth
12037,verde_fwa
12038,verde_fwa
12039,gialli
12040,gialli
12040,verde_ftth
12040,verde_fwa
12041,verde_ftth
12042,rossi
12043,verde_fwa
12044,verde_fwa
12045,verde_ftth
12046,verde_fwa
12047,verde_fwa
12048,verde_fwa
12049,gialli
12050,gialli
12050,rossi
12050,verde_ftth
12050,verde_fwa
12051,verde_fwa
12052,verde_fwa
12053,gialli
12054,gialli
12055,verde_fwa
12056,verde_fwa
12058,verde_fwa
12060,gialli
12060,rossi
12060,verde_ftth
12060,verde_fwa
12061,verde_ftth
12062,gialli
12063,verde_ftth
12064,gialli
12065,gialli
12066,verde_fwa
12068,verde_ftth
12069,verde_fwa
12070,gialli
12070,rossi
12070,verde_ftth
12070,verde_fwa
12071,verde_fwa
12072,verde_ftth
12073,gialli
12073,verde_fwa
12074,gialli
12074,rossi
12075,verde_fwa
12076,gialli
12077,verde_ftth
12078,verde_fwa
12079,verde_ftth
12080,gialli
12080,rossi
12080,verde_ftth
12080,verde_fwa
12081,gialli
12082,rossi
12083,gialli
12084,verde_ftth
12087,rossi
12088,verde_fwa
12089,verde_ftth
12100,gialli
13010,verde_ftth
13010,verde_fwa
13011,verde_fwa
13012,verde_ftth
13017,verde_ftth
13018,gialli
13019,verde_ftth
13020,rossi
13020,verde_ftth
13021,rossi
13022,verde_ftth
13023,verde_ftth
13024,verde_ftth
13025,verde_ftth
13026,verde_ftth
13027,verde_ftth
13028,verde_ftth
13029,verde_ftth
13030,gialli
13030,verde_ftth
13031,verde_ftth
13032,verde_ftth
13033,verde_ftth
13034,verde_ftth
13035,verde_ftth
13036,verde_ftth
13037,gialli
13038,verde_ftth
13039,verde_fwa
13040,verde_ftth
13040,verde_fwa
13041,verde_ftth
13043,verde_fwa
13044,verde_fwa
13045,verde_ftth
13045,verde_fwa
13046,verde_ftth
13047,verde_ftth
13048,verde_fwa
13049,verde_ftth
13060,verde_ftth
13100,gialli
13811,verde_ftth
13812,verde_ftth
13814,verde_ftth
13815,verde_ftth
13816,verde_ftth
13816,verde_fwa
13817,verde_ftth
13818,verde_ftth
13821,verde_ftth
13823,verde_ftth
13824,verde_ftth
13831,verde_ftth
13833,verde_ftth
13835,verde_ftth
13836,verde_ftth
13841,verde_ftth
13843,verde_ftth
13844,verde_ftth
13845,verde_ftth
13847,verde_ftth
13848,verde_ftth
13851,verde_ftth
13853,gialli
13854,verde_ftth
13855,verde_ftth
13856,verde_ftth
13861,verde_ftth
13862,verde_fwa
13863,verde_ftth
13864,verde_ftth
13865,verde_ftth
13866,verde_ftth
13867,verde_ftth
13868,verde_ftth
13871,verde_ftth
13872,verde_ftth
13873,verde_ftth
13874,verde_ftth
13875,verde_ftth
13876,verde_fwa
13877,gialli
13878,verde_ftth
13881,verde_ftth
13882,verde_ftth
13883,verde_ftth
13884,verde_ftth
13885,verde_ftth
13886,verde_ftth
13887,verde_ftth
13888,verde_ftth
13891,verde_ftth
13893,verde_ftth
13894,verde_ftth
13895,verde_ftth
13896,verde_ftth
13897,verde_ftth
13898,verde_ftth
13899,verde_ftth
13900,gialli
14010,gialli
14010,rossi
14010,verde_ftth
14010,verde_fwa
14011,verde_fwa
14012,verde_ftth
14013,gialli
14013,verde_fwa
14014,verde_ftth
14015,gialli
14016,gialli
14017,verde_ftth
14018,gialli
14018,rossi
14019,gialli
14020,gialli
14020,rossi
14020,verde_ftth
14020,verde_fwa
14021,verde_ftth
14022,gialli
14022,verde_fwa
14023,gialli
14024,gialli
14025,gialli
14025,rossi
14026,gialli
14026,rossi
14030,gialli
14030,rossi
14030,verde_ftth
14030,verde_fwa
14031,verde_ftth
14031,verde_fwa
14032,verde_ftth
14033,rossi
14034,verde_fwa
14035,gialli
14036,verde_ftth
14037,gialli
14039,gialli
14040,gialli
14040,verde_ftth
14041,verde_fwa
14042,gialli
14042,verde_ftth
14043,gialli
14044,gialli
14044,verde_ftth
14045,verde_fwa
14046,rossi
14047,verde_ftth
14048,verde_ftth
14049,gialli
14049,verde_fwa
14050,gialli
14050,rossi
14051,gialli
14051,rossi
14052,verde_ftth
14053,verde_fwa
14054,gialli
14055,verde_ftth
14057,gialli
14058,rossi
14059,gialli
14100,gialli
15010,gialli
15010,rossi
15010,verde_ftth
15010,verde_fwa
15011,verde_fwa
15012,gialli
15013,rossi
15015,verde_fwa
15016,gialli
15017,gialli
15018,verde_fwa
15019,verde_fwa
15020,gialli
15020,rossi
15020,verde_ftth
15020,verde_fwa
15021,verde_ftth
15022,verde_ftth
15023,verde_fwa
15024,verde_ftth
15025,verde_ftth
15026,gialli
15026,verde_ftth
15027,gialli
15028,gialli
15029,rossi
15030,gialli
15030,rossi
15030,verde_ftth
15031,verde_ftth
15032,rossi
15033,verde_fwa
15034,rossi
15035,verde_ftth
15036,gialli
15037,gialli
15038,verde_ftth
15039,verde_fwa
15040,gialli
15040,rossi
15040,verde_fwa
15041,gialli
15042,gialli
15043,verde_fwa
15044,gialli
15045,gialli
15046,gialli
15047,verde_ftth
15048,rossi
15049,gialli
15050,gialli
15050,rossi
15050,verde_ftth
15050,verde_fwa
15051,rossi
15051,verde_ftth
15052,verde_ftth
15053,verde_fwa
15054,rossi
15055,gialli
15056,gialli
15056,verde_ftth
15057,gialli
15058,verde_ftth
15059,verde_fwa
15060,gialli
15060,rossi
15060,verde_ftth
15060,verde_fwa
15061,verde_fwa
15062,gialli
15063,gialli
15064,verde_ftth
15065,verde_fwa
15066,verde_ftth
15067,verde_ftth
15068,gialli
15069,verde_fwa
15070,gialli
15070,verde_ftth
15071,verde_fwa
15072,verde_ftth
15073,gialli
15074,gialli
15075,verde_ftth
15076,gialli
15077,verde_fwa
15078,verde_fwa
15079,verde_fwa
15121,gialli
15122,gialli
16010,gialli
16010,rossi
16010,verde_ftth
16010,verde_fwa
16011,gialli
16012,verde_fwa
16013,verde_fwa
16014,gialli
16014,verde_fwa
16015,verde_fwa
16016,verde_fwa
16017,verde_fwa
16018,gialli
16019,verde_fwa
16020,verde_ftth
16021,gialli
16022,gialli
16023,verde_ftth
16024,gialli
16025,rossi
16025,verde_ftth
16026,gialli
16027,rossi
16028,rossi
16029,verde_fwa
16030,gialli
16030,verde_fwa
16031,gialli
16031,verde_fwa
16032,verde_fwa
16033,gialli
16034,verde_fwa
16035,verde_fwa
16036,gialli
16036,verde_fwa
16038,verde_fwa
16039,verde_fwa
16040,gialli
16040,verde_fwa
16041,gialli
16042,verde_fwa
16043,verde_fwa
16044,verde_fwa
16045,gialli
16046,gialli
16047,verde_fwa
16048,rossi
16049,rossi
16121,gialli
16122,gialli
16123,gialli
16124,gialli
16125,gialli
16126,gialli
16127,gialli
16128,gialli
16129,gialli
16131,gialli
16132,gialli
16133,gialli
16134,gialli
16135,gialli
16136,gialli
16137,gialli
16138,gialli
16139,gialli
16141,gialli
16142,gialli
16143,gialli
16144,gialli
16145,gialli
16146,gialli
16147,gialli
16148,gialli
16149,gialli
16151,gialli
16152,gialli
16153,gialli
16154,gialli
16155,gialli
16156,gialli
16157,gialli
16158,gialli
16159,gialli
16161,gialli
16162,gialli
16163,gialli
16164,gialli
16165,gialli
16166,gialli
16167,gialli
17010,rossi
17010,verde_ftth
17011,verde_fwa
17012,gialli
17013,verde_fwa
17014,verde_fwa
17015,verde_fwa
17017,gialli
17017,verde_ftth
17017,verde_fwa
17019,gialli
17020,gialli
17020,rossi
17020,verde_fwa
17021,verde_fwa
17022,verde_fwa
17023,verde_fwa
17024,verde_fwa
17025,verde_fwa
17026,gialli
17027,gialli
17027,verde_fwa
17028,verde_fwa
17030,rossi
17031,verde_fwa
17032,verde_fwa
17033,gialli
17033,verde_fwa
17034,gialli
17035,verde_fwa
17037,gialli
17037,verde_ftth
17038,verde_fwa
17039,rossi
17040,verde_fwa
17041,verde_ftth
17042,gialli
17043,rossi
17043,verde_ftth
17044,gialli
17045,rossi
17045,verde_ftth
17046,verde_fwa
17047,gialli
17047,verde_fwa
17048,gialli
17051,verde_fwa
17052,verde_fwa
17053,verde_fwa
17054,gialli
17055,verde_fwa
17056,verde_fwa
17057,verde_ftth
17057,verde_fwa
17058,verde_ftth
17100,gialli
18010,gialli
18010,rossi
18010,verde_fwa
18011,gialli
18012,gialli
18012,verde_fwa
18013,verde_fwa
18014,verde_fwa
18015,gialli
18016,verde_fwa
18017,gialli
18017,verde_fwa
18018,verde_fwa
18019,verde_fwa
18020,gialli
18020,verde_ftth
18020,verde_fwa
18021,verde_ftth
18022,verde_ftth
18023,verde_ftth
18024,verde_ftth
18025,rossi
18025,verde_ftth
18026,gialli
18026,rossi
18026,verde_fwa
18027,verde_fwa
18028,gialli
18030,gialli
18030,rossi
18030,verde_fwa
18031,verde_fwa
18032,verde_fwa
18033,verde_fwa
18034,verde_fwa
18035,gialli
18036,verde_fwa
18037,gialli
18038,gialli
18039,verde_fwa
18100,gialli
19010,gialli
19011,verde_fwa
19012,verde_ftth
19013,gialli
19014,verde_fwa
19015,verde_fwa
19016,verde_fwa
19017,verde_fwa
19018,gialli
19020,gialli
19020,verde_ftth
19020,verde_fwa
19021,gialli
19025,verde_ftth
19028,gialli
19031,gialli
19032,gialli
19033,verde_fwa
19034,verde_fwa
19037,gialli
19038,verde_fwa
19121,gialli
19122,gialli
19123,gialli
19124,gialli
19125,gialli
19126,gialli
19131,gialli
19132,gialli
19133,gialli
19134,gialli
19135,gialli
19136,gialli
19137,gialli
20001,rossi
20002,verde_fwa
20003,verde_ftth
20004,verde_ftth
20005,verde_fwa
20006,verde_fwa
20007,verde_ftth
20008,verde_fwa
20009,verde_ftth
20010,verde_ftth
20010,verde_fwa
20011,rossi
20012,verde_fwa
20013,rossi
20014,gialli
20015,gialli
20016,verde_ftth
20017,gialli
20018,gialli
20019,verde_ftth
20020,rossi
20020,verde_ftth
20020,verde_fwa
20021,gialli
20021,verde_ftth
20022,verde_fwa
20023,gialli
20024,gialli
20025,gialli
20026,gialli
20027,verde_fwa
20028,verde_ftth
20029,verde_fwa
20030,verde_ftth
20031,gialli
20032,verde_ftth
20033,gialli
20034,verde_fwa
20035,verde_fwa
20036,verde_ftth
20037,gialli
20038,rossi
20039,verde_fwa
20040,gialli
20041,gialli
20042,gialli
20043,verde_ftth
20044,verde_ftth
20045,verde_fwa
20046,verde_fwa
20047,gialli
20048,gialli
20049,gialli
20050,verde_fwa
20051,gialli
20052,verde_fwa
20053,verde_fwa
20054,verde_ftth
20055,verde_ftth
20056,gialli
20056,verde_fwa
20057,verde_ftth
20058,verde_fwa
20059,gialli
20060,gialli
20060,verde_ftth
20060,verde_fwa
20061,gialli
20062,gialli
20063,verde_ftth
20064,verde_fwa
20065,verde_fwa
20066,gialli
20067,verde_fwa
20068,verde_ftth
20069,verde_fwa
20070,gialli
20070,verde_ftth
20071,verde_ftth
20072,verde_fwa
20073,verde_ftth
20074,rossi
20075,gialli
20076,gialli
20077,gialli
20078,verde_fwa
20079,verde_ftth
20080,gialli
20080,verde_ftth
20081,rossi
20081,verde_ftth
20082,gialli
20083,gialli
20084,verde_ftth
20085,gialli
20086,verde_fwa
20087,verde_ftth
20088,verde_ftth
20088,verde_fwa
20089,gialli
20090,verde_ftth
20091,verde_ftth
20092,gialli
20093,rossi
20094,verde_ftth
20095,verde_ftth
20096,verde_ftth
20097,verde_ftth
20098,verde_ftth
20099,gialli
20121,gialli
20122,gialli
20123,gialli
20124,gialli
20125,gialli
20126,gialli
20127,gialli
20128,gialli
20129,gialli
20131,gialli
20132,gialli
20133,gialli
20134,gialli
20135,gialli
20136,gialli
20137,gialli
20138,gialli
20139,gialli
20141,gialli
20142,gialli
20143,gialli
20144,gialli
20145,gialli
20146,gialli
20147,gialli
20148,gialli
20149,gialli
20151,gialli
20152,gialli
20153,gialli
20154,gialli
20155,gialli
20156,gialli
20157,gialli
20158,gialli
20159,gialli
20161,gialli
20162,gialli
20811,verde_ftth
20812,verde_ftth
20813,verde_fwa
20814,gialli
20815,verde_ftth
20816,verde_ftth
20821,gialli
20822,verde_fwa
20823,rossi
20824,verde_ftth
20825,gialli
20826,gialli
20831,gialli
20832,gialli
20833,verde_ftth
20834,gialli
20835,gialli
20836,gialli
20837,verde_ftth
20838,verde_ftth
20841,gialli
20842,rossi
20843,verde_ftth
20844,verde_ftth
20845,verde_fwa
20846,verde_ftth
20847,verde_fwa
20851,gialli
20852,verde_fwa
20853,verde_ftth
20854,verde_ftth
20855,verde_fwa
20856,gialli
20857,gialli
20861,verde_ftth
20862,verde_fwa
20863,verde_ftth
20864,verde_fwa
20865,verde_fwa
20866,verde_ftth
20867,gialli
20871,verde_fwa
20872,verde_fwa
20873,verde_fwa
20874,verde_ftth
20875,gialli
20876,verde_ftth
20877,verde_ftth
20881,verde_fwa
20882,verde_fwa
20883,gialli
20884,verde_ftth
20885,gialli
20886,verde_ftth
20900,gialli
21010,gialli
21010,rossi
21010,verde_ftth
21010,verde_fwa
21011,gialli
21012,rossi
21013,rossi
21014,verde_fwa
21015,verde_fwa
21016,gialli
21017,rossi
21018,verde_fwa
21019,rossi
21020,gialli
21020,verde_ftth
21020,verde_fwa
21021,verde_ftth
21022,gialli
21023,gialli
21024,verde_fwa
21025,verde_ftth
21026,verde_fwa
21027,gialli
21028,gialli
21029,gialli
21030,gialli
21030,verde_ftth
21030,verde_fwa
21031,verde_fwa
21032,verde_fwa
21033,verde_fwa
21034,gialli
21035,verde_fwa
21036,verde_fwa
21037,gialli
21038,gialli
21038,verde_fwa
21039,gialli
21040,gialli
21040,rossi
21040,verde_ftth
21040,verde_fwa
21041,verde_ftth
21042,gialli
21043,gialli
21044,verde_ftth
21045,verde_ftth
21046,rossi
21047,verde_fwa
21048,verde_ftth
21049,rossi
21050,gialli
21050,rossi
21050,verde_ftth
21050,verde_fwa
21051,verde_fwa
21052,gialli
21053,verde_fwa
21054,rossi
21055,verde_ftth
21056,verde_fwa
21057,verde_fwa
21058,verde_ftth
21059,gialli
21061,verde_fwa
21062,gialli
21100,gialli
22010,gialli
22010,rossi
22010,verde_fwa
22011,gialli
22012,verde_fwa
22013,verde_fwa
22014,verde_fwa
22015,gialli
22016,verde_ftth
22017,verde_fwa
22018,verde_fwa
22020,gialli
22020,rossi
22020,verde_ftth
22020,verde_fwa
22021,verde_ftth
22023,verde_fwa
22024,verde_fwa
22025,verde_fwa
22026,gialli
22027,verde_fwa
22028,gialli
22029,verde_fwa
22030,gialli
22030,verde_ftth
22030,verde_fwa
22031,verde_fwa
22032,verde_ftth
22033,verde_fwa
22034,gialli
22035,verde_ftth
22036,verde_fwa
22037,verde_fwa
22038,rossi
22039,verde_fwa
22040,gialli
22040,verde_ftth
22040,verde_fwa
22041,verde_ftth
22042,verde_ftth
22043,verde_ftth
22044,verde_fwa
22045,verde_fwa
22046,verde_ftth
22060,verde_ftth
22061,rossi
22063,gialli
22066,verde_fwa
22069,verde_fwa
22070,gialli
22070,rossi
22070,verde_ftth
22070,verde_fwa
22071,rossi
22072,verde_fwa
22073,verde_ftth
22074,verde_fwa
22075,gialli
22076,verde_ftth
22077,gialli
22078,verde_ftth
22079,verde_fwa
22100,gialli
23010,gialli
23010,rossi
23010,verde_ftth
23010,verde_fwa
23011,verde_fwa
23012,verde_ftth
23013,verde_fwa
23014,gialli
23014,verde_fwa
23015,verde_fwa
23016,gialli
23017,verde_fwa
23018,verde_fwa
23019,verde_fwa
23020,gialli
23020,rossi
23020,verde_ftth
23020,verde_fwa
23021,verde_fwa
23022,verde_fwa
23023,verde_fwa
23024,gialli
23025,verde_fwa
23026,verde_fwa
23027,gialli
23029,verde_fwa
23030,gialli
23030,verde_ftth
23030,verde_fwa
23031,verde_fwa
23032,verde_ftth
23033,verde_ftth
23034,verde_fwa
23035,verde_ftth
23036,verde_ftth
23037,verde_ftth
23038,verde_fwa
23041,verde_fwa
23100,verde_ftth
23801,verde_fwa
23802,gialli
23804,gialli
23805,gialli
23807,verde_fwa
23808,verde_ftth
23811,verde_fwa
23813,verde_fwa
23814,verde_fwa
23815,verde_fwa
23816,verde_fwa
23817,verde_fwa
23818,verde_fwa
23819,verde_fwa
23821,verde_ftth
23822,verde_ftth
23823,verde_fwa
23824,verde_ftth
23825,verde_fwa
23826,verde_fwa
23827,rossi
23828,gialli
23829,gialli
23831,verde_fwa
23832,verde_ftth
23832,verde_fwa
23833,gialli
23834,verde_fwa
23835,verde_fwa
23836,gialli
23837,verde_ftth
23841,verde_fwa
23842,verde_fwa
23843,verde_ftth
23844,verde_ftth
23845,verde_fwa
23846,verde_ftth
23847,verde_fwa
23848,verde_ftth
23848,verde_fwa
23849,verde_ftth
23851,verde_fwa
23852,gialli
23854,verde_fwa
23855,gialli
23857,verde_ftth
23861,verde_ftth
23862,verde_ftth
23864,verde_ftth
23865,verde_fwa
23867,verde_ftth
23868,verde_fwa
23870,verde_ftth
23871,verde_fwa
23873,verde_ftth
23874,verde_fwa
23875,verde_ftth
23876,verde_ftth
23877,gialli
23879,gialli
23880,rossi
23881,verde_ftth
23883,verde_ftth
23884,verde_fwa
23885,verde_ftth
23886,gialli
23887,verde_ftth
23888,verde_fwa
23889,verde_fwa
23890,gialli
23891,rossi
23892,verde_ftth
23893,verde_ftth
23894,verde_ftth
23895,verde_fwa
23896,verde_ftth
23897,verde_ftth
23898,gialli
23899,verde_ftth
23900,gialli
24010,gialli
24010,rossi
24010,verde_ftth
24010,verde_fwa
24011,verde_fwa
24012,verde_fwa
24013,verde_ftth
24014,verde_ftth
24015,verde_fwa
24016,gialli
24017,verde_ftth
24018,verde_fwa
24019,verde_ftth
24020,gialli
24020,rossi
24020,verde_ftth
24020,verde_fwa
24021,verde_ftth
24022,verde_fwa
24023,verde_fwa
24024,verde_fwa
24025,verde_ftth
24026,verde_fwa
24027,verde_fwa
24028,verde_fwa
24029,verde_ftth
24030,gialli
24030,rossi
24030,verde_ftth
24030,verde_fwa
24031,gialli
24032,gialli
24033,verde_ftth
24034,gialli
24035,verde_fwa
24036,verde_fwa
24037,rossi
24037,verde_fwa
24038,verde_fwa
24039,verde_ftth
24040,gialli
24040,verde_ftth
24040,verde_fwa
24041,gialli
24042,verde_ftth
24043,verde_ftth
24044,verde_ftth
24045,gialli
24046,verde_fwa
24047,gialli
24048,verde_fwa
24049,verde_fwa
24050,gialli
24050,verde_ftth
24050,verde_fwa
24051,verde_fwa
24052,gialli
24053,verde_fwa
24054,gialli
24055,gialli
24056,verde_ftth
24057,verde_fwa
24058,gialli
24059,verde_ftth
24060,gialli
24060,rossi
24060,verde_ftth
24060,verde_fwa
24061,gialli
24062,verde_fwa
24063,verde_fwa
24064,gialli
24065,verde_fwa
24066,verde_ftth
24067,verde_fwa
24068,verde_fwa
24069,gialli
24069,verde_ftth
24069,verde_fwa
24121,gialli
24122,gialli
24123,gialli
24124,gialli
24125,gialli
24126,gialli
24127,gialli
24128,gialli
24129,gialli
25010,gialli
25010,verde_ftth
25010,verde_fwa
25011,verde_fwa
25012,verde_fwa
25013,verde_fwa
25014,verde_fwa
25015,gialli
25016,verde_fwa
25017,verde_fwa
25018,verde_fwa
25019,verde_fwa
25020,gialli
25020,verde_ftth
25020,verde_fwa
25021,verde_fwa
25022,gialli
25023,gialli
25024,gialli
25025,verde_fwa
25026,verde_fwa
25027,verde_fwa
25028,verde_fwa
25029,verde_ftth
25030,gialli
25030,verde_ftth
25030,verde_fwa
25031,verde_ftth
25032,verde_fwa
25033,verde_fwa
25034,verde_fwa
25035,verde_fwa
25036,verde_fwa
25037,verde_fwa
25038,verde_fwa
25039,gialli
25040,gialli
25040,rossi
25040,verde_ftth
25040,verde_fwa
25042,verde_ftth
25043,verde_fwa
25044,verde_fwa
25045,verde_fwa
25046,verde_fwa
25047,verde_fwa
25048,verde_fwa
25049,verde_ftth
25050,gialli
25050,rossi
25050,verde_ftth
25050,verde_fwa
25051,gialli
25052,verde_ftth
25053,verde_ftth
25054,verde_ftth
25055,rossi
25056,verde_fwa
25057,verde_ftth
25058,verde_ftth
25059,verde_fwa
25060,gialli
25060,verde_ftth
25060,verde_fwa
25061,verde_ftth
25061,verde_fwa
25062,verde_fwa
25063,gialli
25064,verde_fwa
25065,gialli
25068,verde_fwa
25069,verde_fwa
25070,gialli
25070,rossi
25070,verde_fwa
25071,verde_fwa
25072,gialli
25073,gialli
25074,gialli
25074,verde_fwa
25075,gialli
25076,verde_fwa
25077,verde_fwa
25078,rossi
25078,verde_fwa
25079,verde_fwa
25080,gialli
25080,rossi
25080,verde_ftth
25080,verde_fwa
25081,verde_fwa
25082,verde_fwa
25083,gialli
25084,gialli
25085,verde_fwa
25086,verde_fwa
25087,verde_fwa
25088,gialli
25089,verde_fwa
25121,gialli
25122,gialli
25123,gialli
25124,gialli
25125,gialli
25126,gialli
25127,gialli
25128,gialli
25129,gialli
25131,gialli
25132,gialli
25133,gialli
25134,gialli
25135,gialli
25136,gialli
26010,gialli
26010,verde_ftth
26010,verde_fwa
26011,verde_fwa
26012,gialli
26013,verde_ftth
26014,verde_ftth
26015,gialli
26016,gialli
26017,verde_ftth
26018,verde_ftth
26019,verde_fwa
26020,gialli
26020,verde_ftth
26020,verde_fwa
26021,verde_ftth
26022,verde_fwa
26023,verde_ftth
26024,verde_ftth
26025,verde_fwa
26026,verde_ftth
26027,verde_ftth
26028,verde_ftth
26029,verde_ftth
26030,gialli
26030,verde_ftth
26031,verde_ftth
26032,verde_ftth
26033,verde_fwa
26034,verde_ftth
26035,verde_ftth
26036,verde_fwa
26037,verde_ftth
26038,verde_ftth
26039,verde_ftth
26040,gialli
26040,rossi
26040,verde_ftth
26040,verde_fwa
26041,verde_fwa
26042,verde_fwa
26043,gialli
26044,verde_ftth
26045,gialli
26046,verde_ftth
26047,gialli
26048,verde_ftth
26049,gialli
26100,gialli
26811,verde_ftth
26812,verde_ftth
26813,verde_fwa
26814,verde_fwa
26815,verde_fwa
26816,gialli
26817,verde_fwa
26818,gialli
26821,verde_ftth
26822,verde_fwa
26823,verde_ftth
26824,verde_ftth
26825,verde_ftth
26826,verde_fwa
26827,verde_ftth
26828,verde_ftth
26831,gialli
26832,rossi
26833,gialli
26833,rossi
26834,gialli
26834,verde_ftth
26835,verde_ftth
26836,gialli
26837,verde_ftth
26838,verde_fwa
26839,gialli
26841,gialli
26842,gialli
26842,rossi
26843,verde_ftth
26844,verde_ftth
26845,rossi
26846,verde_ftth
26847,verde_ftth
26848,verde_ftth
26849,verde_ftth
26851,gialli
26852,verde_fwa
26853,gialli
26854,gialli
26855,verde_fwa
26856,gialli
26857,verde_fwa
26858,verde_fwa
26859,gialli
26861,gialli
26862,verde_fwa
26863,gialli
26864,gialli
26865,gialli
26866,gialli
26867,gialli
26900,gialli
27010,gialli
27010,rossi
27010,verde_ftth
27010,verde_fwa
27011,gialli
27011,verde_fwa
27012,gialli
27013,rossi
27014,verde_fwa
27015,gialli
27016,gialli
27017,gialli
27017,rossi
27018,verde_fwa
27019,gialli
27020,gialli
27020,rossi
27020,verde_ftth
27020,verde_fwa
27021,verde_fwa
27022,verde_fwa
27023,gialli
27024,verde_fwa
27025,gialli
27026,verde_fwa
27027,gialli
27028,rossi
27029,gialli
27030,gialli
27030,rossi
27030,verde_ftth
27030,verde_fwa
27031,gialli
27032,verde_fwa
27034,gialli
27034,rossi
27035,rossi
27035,verde_fwa
27036,verde_fwa
27037,rossi
27038,verde_fwa
27039,verde_ftth
27040,gialli
27040,rossi
27040,verde_ftth
27040,verde_fwa
27041,gialli
27041,verde_fwa
27042,gialli
27042,verde_ftth
27043,gialli
27043,verde_fwa
27044,verde_fwa
27045,verde_fwa
27046,gialli
27047,gialli
27047,verde_ftth
27047,verde_fwa
27048,verde_ftth
27049,gialli
27049,rossi
27050,gialli
27050,rossi
27050,verde_ftth
27050,verde_fwa
27051,rossi
27052,verde_ftth
27052,verde_fwa
27053,gialli
27053,verde_fwa
27054,verde_ftth
27055,verde_fwa
27056,gialli
27057,verde_fwa
27058,verde_ftth
27059,rossi
27061,gialli
27100,gialli
28010,gialli
28010,verde_ftth
28010,verde_fwa
28011,verde_fwa
28012,verde_fwa
28013,gialli
28014,verde_fwa
28015,verde_fwa
28016,verde_fwa
28017,verde_ftth
28019,verde_ftth
28021,verde_fwa
28024,verde_fwa
28028,gialli
28040,verde_ftth
28040,verde_fwa
28041,rossi
28043,verde_fwa
28045,verde_fwa
28046,verde_fwa
28047,rossi
28050,gialli
28053,verde_ftth
28060,gialli
28060,verde_ftth
28060,verde_fwa
28061,verde_ftth
28062,verde_fwa
28064,gialli
28064,rossi
28064,verde_ftth
28065,verde_fwa
28066,gialli
28068,verde_fwa
28069,gialli
28070,verde_ftth
28071,verde_ftth
28072,verde_ftth
28073,verde_ftth
28074,verde_fwa
28075,verde_fwa
28076,verde_ftth
28077,verde_fwa
28078,verde_fwa
28079,verde_ftth
28100,gialli
28801,verde_fwa
28802,gialli
28803,verde_fwa
28804,verde_ftth
28805,verde_ftth
28811,verde_ftth
28812,verde_ftth
28813,verde_ftth
28814,verde_ftth
28815,verde_fwa
28816,verde_ftth
28817,gialli
28818,verde_ftth
28819,verde_ftth
28821,gialli
28822,verde_fwa
28823,verde_fwa
28824,verde_fwa
28826,rossi
28827,gialli
28828,verde_fwa
28831,verde_fwa
28832,verde_ftth
28833,verde_ftth
28836,verde_fwa
28838,verde_fwa
28841,verde_ftth
28842,verde_ftth
28843,verde_ftth
28844,verde_fwa
28845,verde_fwa
28846,verde_ftth
28851,verde_fwa
28852,verde_ftth
28853,verde_ftth
28854,verde_ftth
28855,verde_ftth
28856,verde_ftth
28857,verde_ftth
28858,verde_ftth
28859,verde_fwa
28861,verde_fwa
28862,verde_ftth
28863,verde_fwa
28864,verde_ftth
28865,verde_ftth
28866,verde_ftth
28868,verde_ftth
28871,verde_ftth
28873,verde_ftth
28875,verde_ftth
28876,verde_ftth
28877,gialli
28877,verde_fwa
28879,verde_ftth
28881,verde_ftth
28883,verde_fwa
28884,gialli
28885,verde_fwa
28886,verde_fwa
28887,verde_ftth
28887,verde_fwa
28891,verde_ftth
28893,verde_ftth
28894,verde_ftth
28895,verde_ftth
28896,verde_ftth
28897,verde_fwa
28898,verde_ftth
28899,verde_ftth
28921,gialli
28922,gialli
28923,gialli
28924,gialli
28925,gialli
29010,gialli
29010,verde_ftth
29010,verde_fwa
29011,verde_fwa
29012,verde_ftth
29013,verde_fwa
29014,verde_ftth
29015,gialli
29016,verde_ftth
29017,verde_fwa
29018,verde_fwa
29019,verde_fwa
29020,gialli
29020,rossi
29020,verde_ftth
29020,verde_fwa
29021,verde_fwa
29022,verde_fwa
29023,gialli
29024,verde_fwa
29025,verde_fwa
29026,rossi
29027,verde_fwa
29028,verde_ftth
29029,verde_fwa
29031,gialli
29121,gialli
29122,gialli
30010,gialli
30010,verde_ftth
30013,verde_fwa
30014,rossi
30015,gialli
30016,verde_fwa
30020,gialli
30020,rossi
30020,verde_ftth
30020,verde_fwa
30021,gialli
30022,gialli
30023,verde_ftth
30024,gialli
30025,verde_fwa
30026,verde_ftth
30027,gialli
30028,rossi
30029,verde_ftth
30030,gialli
30030,rossi
30030,verde_ftth
30030,verde_fwa
30031,gialli
30032,verde_ftth
30033,verde_fwa
30034,rossi
30035,gialli
30036,rossi
30037,verde_fwa
30038,verde_fwa
30039,gialli
30121,gialli
30122,gialli
30123,gialli
30124,gialli
30125,gialli
30126,gialli
30132,gialli
30133,gialli
30135,gialli
30141,gialli
30142,gialli
30171,gialli
30172,gialli
30173,gialli
30174,gialli
30175,gialli
30176,gialli
31010,verde_ftth
31010,verde_fwa
31011,verde_fwa
31012,verde_fwa
31013,verde_fwa
31014,verde_fwa
31015,gialli
31016,verde_fwa
31017,verde_ftth
31018,verde_ftth
31020,gialli
31020,rossi
31020,verde_ftth
31020,verde_fwa
31021,rossi
31022,verde_fwa
31023,verde_ftth
31024,gialli
31025,verde_fwa
31026,gialli
31027,verde_fwa
31028,verde_fwa
31029,verde_ftth
31030,gialli
31030,verde_ftth
31030,verde_fwa
31031,verde_fwa
31032,verde_ftth
31033,gialli
31034,verde_ftth
31035,verde_ftth
31036,verde_fwa
31037,verde_ftth
31038,verde_ftth
31039,verde_ftth
31040,gialli
31040,verde_ftth
31040,verde_fwa
31041,verde_ftth
31043,verde_ftth
31044,verde_fwa
31045,gialli
31046,verde_ftth
31047,gialli
31048,verde_fwa
31049,verde_fwa
31050,gialli
31050,verde_ftth
31050,verde_fwa
31051,verde_fwa
31052,verde_ftth
31053,verde_fwa
31054,verde_ftth
31055,verde_fwa
31056,verde_ftth
31057,rossi
31058,gialli
31059,verde_ftth
31100,gialli
32010,rossi
32010,verde_ftth
32010,verde_fwa
32012,gialli
32013,rossi
32014,gialli
32016,verde_ftth
32020,gialli
32020,verde_ftth
32020,verde_fwa
32021,verde_ftth
32022,verde_fwa
32023,gialli
32026,verde_ftth
32027,verde_ftth
32030,gialli
32030,verde_ftth
32030,verde_fwa
32031,verde_ftth
32032,verde_fwa
32033,gialli
32034,verde_ftth
32035,verde_ftth
32036,gialli
32037,gialli
32038,verde_fwa
32040,gialli
32040,verde_ftth
32040,verde_fwa
32041,verde_fwa
32042,gialli
32043,verde_ftth
32044,verde_fwa
32045,gialli
32046,verde_ftth
32100,verde_ftth
33010,verde_ftth
33011,verde_ftth
33012,verde_fwa
33013,verde_ftth
33014,rossi
33015,verde_ftth
33016,verde_ftth
33017,verde_fwa
33018,verde_fwa
33019,verde_ftth
33020,gialli
33020,rossi
33020,verde_ftth
33020,verde_fwa
33021,verde_ftth
33022,verde_ftth
33023,verde_ftth
33024,verde_ftth
33025,verde_ftth
33026,gialli
33027,gialli
33028,verde_fwa
33029,verde_ftth
33030,verde_ftth
33031,verde_ftth
33032,verde_ftth
33033,rossi
33034,verde_ftth
33035,verde_ftth
33036,verde_fwa
33037,verde_ftth
33038,verde_fwa
33039,verde_ftth
33040,gialli
33040,verde_ftth
33040,verde_fwa
33041,verde_ftth
33042,verde_fwa
33043,verde_fwa
33044,verde_fwa
33045,verde_fwa
33046,verde_ftth
33047,verde_ftth
33048,verde_ftth
33049,verde_ftth
33050,verde_ftth
33050,verde_fwa
33051,verde_ftth
33052,gialli
33053,verde_fwa
33054,verde_fwa
33055,verde_ftth
33056,verde_ftth
33057,verde_ftth
33058,verde_ftth
33059,verde_ftth
33061,verde_ftth
33070,verde_ftth
33070,verde_fwa
33072,gialli
33074,verde_fwa
33075,verde_ftth
33076,verde_ftth
33077,verde_ftth
33078,gialli
33079,verde_ftth
33080,gialli
33080,verde_ftth
33080,verde_fwa
33081,verde_ftth
33082,gialli
33083,verde_ftth
33084,verde_fwa
33085,verde_fwa
33086,verde_ftth
33087,verde_ftth
33090,verde_ftth
33092,verde_ftth
33094,verde_ftth
33095,verde_ftth
33097,verde_fwa
33098,verde_ftth
33099,verde_ftth
33100,gialli
33170,gialli
34010,gialli
34011,rossi
34015,verde_fwa
34016,gialli
34018,gialli
34070,gialli
34070,verde_ftth
34070,verde_fwa
34071,verde_fwa
34072,verde_ftth
34072,verde_fwa
34073,rossi
34074,gialli
34075,gialli
34076,verde_ftth
34077,verde_fwa
34078,verde_fwa
34079,gialli
34121,no_sell
34122,no_sell
34123,no_sell
34124,no_sell
34125,no_sell
34126,no_sell
34127,no_sell
34128,no_sell
34129,no_sell
34131,no_sell
34132,no_sell
34133,no_sell
34134,no_sell
34135,no_sell
34136,no_sell
34137,no_sell
34138,no_sell
34139,no_sell
34141,no_sell
34142,no_sell
34143,no_sell
34144,no_sell
34145,no_sell
34146,no_sell
34147,no_sell
34148,no_sell
34149,no_sell
34151,no_sell
34170,gialli
35010,gialli
35010,rossi
35010,verde_ftth
35010,verde_fwa
35011,verde_ftth
35012,verde_fwa
35013,gialli
35014,verde_fwa
35015,verde_ftth
35016,gialli
35017,verde_ftth
35018,verde_ftth
35019,verde_ftth
35020,gialli
35020,verde_ftth
35020,verde_fwa
35021,verde_fwa
35022,verde_ftth
35023,verde_ftth
35024,verde_ftth
35025,verde_ftth
35026,verde_fwa
35027,verde_fwa
35028,verde_ftth
35029,verde_ftth
35030,verde_ftth
35030,verde_fwa
35031,gialli
35032,verde_ftth
35034,verde_ftth
35035,verde_fwa
35036,verde_fwa
35037,verde_ftth
35038,verde_ftth
35040,verde_ftth
35040,verde_fwa
35041,gialli
35042,verde_ftth
35043,gialli
35044,verde_ftth
35045,verde_ftth
35046,verde_ftth
35047,verde_fwa
35048,verde_fwa
35121,gialli
35122,gialli
35123,gialli
35124,gialli
35125,gialli
35126,gialli
35127,gialli
35128,gialli
35129,gialli
35131,gialli
35132,gialli
35133,gialli
35134,gialli
35135,gialli
35136,gialli
35137,gialli
35138,gialli
35139,gialli
35141,gialli
35142,gialli
35143,gialli
36010,gialli
36010,rossi
36010,verde_ftth
36010,verde_fwa
36011,verde_ftth
36012,verde_ftth
36013,verde_fwa
36014,verde_ftth
36015,verde_ftth
36016,verde_ftth
36020,gialli
36020,rossi
36020,verde_ftth
36021,verde_ftth
36022,verde_fwa
36023,verde_ftth
36024,verde_ftth
36025,verde_ftth
36026,verde_ftth
36027,gialli
36028,verde_ftth
36029,verde_ftth
36030,gialli
36030,verde_ftth
36030,verde_fwa
36031,verde_fwa
36032,gialli
36033,verde_fwa
36034,verde_fwa
36035,verde_ftth
36036,gialli
36040,gialli
36040,rossi
36040,verde_ftth
36040,verde_fwa
36042,verde_fwa
36043,verde_ftth
36044,verde_ftth
36045,rossi
36045,verde_ftth
36046,gialli
36047,verde_ftth
36048,verde_ftth
36050,verde_ftth
36051,verde_fwa
36052,verde_ftth
36053,verde_fwa
36054,gialli
36055,gialli
36056,verde_ftth
36057,rossi
36060,verde_ftth
36061,gialli
36063,gialli
36064,verde_ftth
36065,verde_ftth
36066,verde_ftth
36070,gialli
36070,verde_ftth
36071,verde_fwa
36072,verde_fwa
36073,rossi
36075,gialli
36076,verde_fwa
36077,verde_fwa
36078,verde_ftth
36100,no_sell
37010,gialli
37010,verde_ftth
37010,verde_fwa
37011,verde_ftth
37012,gialli
37013,verde_ftth
37014,verde_fwa
37015,verde_fwa
37016,verde_ftth
37017,verde_ftth
37018,verde_fwa
37019,gialli
37020,gialli
37020,rossi
37020,verde_ftth
37020,verde_fwa
37021,verde_ftth
37022,verde_fwa
37023,verde_ftth
37024,gialli
37026,verde_ftth
37028,verde_ftth
37029,verde_fwa
37030,gialli
37030,rossi
37030,verde_ftth
37030,verde_fwa
37031,verde_ftth
37032,verde_fwa
37035,gialli
37036,rossi
37038,verde_fwa
37039,verde_ftth
37040,verde_ftth
37040,verde_fwa
37041,verde_ftth
37042,verde_ftth
37043,verde_ftth
37044,verde_ftth
37045,verde_ftth
37046,verde_ftth
37047,verde_fwa
37049,verde_ftth
37050,verde_ftth
37050,verde_fwa
37051,verde_ftth
37052,verde_fwa
37053,gialli
37054,verde_fwa
37055,verde_ftth
37056,verde_ftth
37057,gialli
37058,verde_ftth
37059,verde_fwa
37060,gialli
37060,verde_ftth
37060,verde_fwa
37063,verde_ftth
37064,verde_fwa
37066,verde_fwa
37067,verde_fwa
37068,verde_fwa
37069,verde_fwa
37121,gialli
37122,gialli
37123,gialli
37124,gialli
37125,gialli
37126,gialli
37127,gialli
37128,gialli
37129,gialli
37131,gialli
37132,gialli
37133,gialli
37134,gialli
37135,gialli
37136,gialli
37137,gialli
37138,gialli
37139,gialli
37141,gialli
37142,gialli
38010,verde_ftth
38010,verde_fwa
38011,gialli
38011,verde_ftth
38012,verde_ftth
38013,verde_ftth
38015,verde_ftth
38016,gialli
38017,verde_ftth
38018,verde_fwa
38019,verde_ftth
38020,rossi
38020,verde_ftth
38020,verde_fwa
38022,verde_ftth
38023,verde_ftth
38024,verde_fwa
38025,verde_fwa
38026,verde_ftth
38027,verde_ftth
38028,verde_ftth
38029,verde_fwa
38030,gialli
38030,verde_ftth
38031,verde_fwa
38032,verde_fwa
38033,verde_fwa
38034,verde_ftth
38035,verde_fwa
38036,verde_fwa
38037,verde_fwa
38038,verde_ftth
38040,gialli
38040,verde_ftth
38041,verde_ftth
38042,gialli
38043,verde_fwa
38045,verde_fwa
38046,verde_fwa
38047,rossi
38048,verde_ftth
38049,verde_ftth
38050,gialli
38050,rossi
38050,verde_ftth
38051,verde_ftth
38052,verde_ftth
38053,verde_ftth
38054,verde_ftth
38055,verde_ftth
38056,verde_ftth
38057,verde_ftth
38059,verde_ftth
38060,gialli
38060,verde_ftth
38061,verde_ftth
38062,verde_ftth
38063,verde_ftth
38064,verde_fwa
38065,verde_ftth
38066,verde_ftth
38067,verde_ftth
38068,gialli
38068,verde_ftth
38069,gialli
38070,verde_ftth
38071,verde_ftth
38073,verde_ftth
38074,verde_ftth
38075,verde_ftth
38076,verde_ftth
38077,verde_ftth
38078,verde_ftth
38079,verde_ftth
38080,rossi
38080,verde_ftth
38082,verde_ftth
38083,verde_ftth
38085,verde_ftth
38086,verde_ftth
38086,verde_fwa
38087,verde_ftth
38088,gialli
38089,gialli
38091,verde_ftth
38092,verde_ftth
38093,verde_ftth
38094,verde_ftth
38095,verde_ftth
38096,verde_ftth
38097,verde_ftth
38098,verde_ftth
38099,rossi
38121,no_sell
38122,no_sell
38123,no_sell
39010,gialli
39010,rossi
39011,verde_fwa
39012,gialli
39013,rossi
39014,verde_fwa
39015,gialli
39016,rossi
39017,verde_fwa
39018,verde_fwa
39019,gialli
39020,gialli
39020,rossi
39021,verde_fwa
39022,verde_fwa
39023,verde_fwa
39024,verde_fwa
39025,gialli
39025,verde_fwa
39026,verde_fwa
39027,rossi
39028,verde_fwa
39029,rossi
39030,gialli
39030,rossi
39030,verde_fwa
39031,verde_fwa
39032,verde_fwa
39033,verde_fwa
39034,verde_fwa
39035,gialli
39036,gialli
39037,gialli
39037,verde_fwa
39038,verde_fwa
39039,gialli
39040,gialli
39040,rossi
39040,verde_fwa
39041,verde_fwa
39042,rossi
39043,rossi
39044,verde_fwa
39045,rossi
39046,verde_fwa
39047,verde_fwa
39048,verde_fwa
39049,verde_fwa
39050,gialli
39050,rossi
39050,verde_fwa
39051,verde_fwa
39052,verde_fwa
39053,gialli
39054,gialli
39055,verde_fwa
39056,verde_fwa
39057,gialli
39058,gialli
39100,gialli
40010,verde_ftth
40011,verde_ftth
40012,gialli
40013,verde_ftth
40014,rossi
40015,verde_ftth
40016,gialli
40017,verde_ftth
40018,verde_ftth
40019,gialli
40020,verde_ftth
40021,verde_ftth
40022,verde_ftth
40023,rossi
40024,gialli
40025,verde_ftth
40026,gialli
40027,verde_ftth
40030,gialli
40030,verde_ftth
40032,gialli
40033,verde_ftth
40034,gialli
40035,verde_fwa
40036,gialli
40037,gialli
40038,gialli
40041,verde_fwa
40042,verde_fwa
40043,verde_fwa
40046,verde_fwa
40048,verde_fwa
40050,gialli
40050,verde_ftth
40050,verde_fwa
40051,gialli
40052,verde_ftth
40053,gialli
40054,rossi
40055,verde_ftth
40057,rossi
40059,gialli
40060,gialli
40061,gialli
40062,rossi
40063,verde_fwa
40064,verde_ftth
40065,verde_fwa
40066,verde_fwa
40068,verde_ftth
40069,verde_fwa
40121,gialli
40122,gialli
40123,gialli
40124,gialli
40125,gialli
40126,gialli
40127,gialli
40128,gialli
40129,gialli
40131,gialli
40132,gialli
40133,gialli
40134,gialli
40135,gialli
40136,gialli
40137,gialli
40138,gialli
40139,gialli
40141,gialli
41011,gialli
41012,gialli
41013,rossi
41014,gialli
41015,verde_ftth
41016,rossi
41017,verde_ftth
41018,gialli
41019,verde_ftth
41020,verde_fwa
41021,gialli
41022,verde_fwa
41023,verde_fwa
41025,verde_ftth
41026,verde_fwa
41027,verde_fwa
41028,gialli
41029,gialli
41030,verde_ftth
41031,verde_ftth
41032,verde_ftth
41033,rossi
41034,gialli
41036,verde_ftth
41037,verde_ftth
41038,rossi
41039,verde_ftth
41040,gialli
41042,gialli
41043,verde_ftth
41044,gialli
41045,verde_ftth
41046,verde_ftth
41048,gialli
41049,gialli
41051,gialli
41052,gialli
41053,gialli
41054,verde_ftth
41055,verde_fwa
41056,verde_fwa
41057,gialli
41058,verde_ftth
41059,gialli
41121,gialli
41122,gialli
41123,gialli
41124,gialli
41125,gialli
41126,gialli
42010,verde_ftth
42011,verde_fwa
42012,gialli
42013,verde_ftth
42014,verde_ftth
42015,verde_ftth
42016,verde_ftth
42017,verde_fwa
42018,verde_fwa
42019,gialli
42020,gialli
42020,verde_ftth
42021,verde_ftth
42022,verde_ftth
42023,verde_ftth
42024,rossi
42025,gialli
42026,verde_fwa
42027,verde_ftth
42028,gialli
42030,gialli
42030,verde_ftth
42031,verde_ftth
42032,verde_ftth
42033,verde_ftth
42034,verde_fwa
42035,verde_fwa
42040,rossi
42041,verde_ftth
42042,gialli
42043,gialli
42044,verde_ftth
42045,verde_ftth
42046,verde_ftth
42047,verde_ftth
42048,verde_fwa
42049,verde_fwa
42121,gialli
42123,gialli
42124,gialli
43010,gialli
43010,verde_fwa
43011,verde_ftth
43012,verde_fwa
43013,verde_fwa
43014,gialli
43015,verde_fwa
43016,verde_ftth
43017,gialli
43018,gialli
43019,gialli
43021,verde_ftth
43022,verde_ftth
43024,gialli
43025,verde_fwa
43028,gialli
43029,verde_fwa
43030,verde_fwa
43032,gialli
43035,verde_ftth
43036,verde_ftth
43037,verde_fwa
43038,verde_ftth
43039,verde_ftth
43040,gialli
43040,verde_fwa
43041,gialli
43042,gialli
43043,verde_fwa
43044,verde_fwa
43045,verde_fwa
43047,gialli
43049,verde_fwa
43050,verde_fwa
43051,verde_fwa
43052,verde_fwa
43053,verde_fwa
43056,gialli
43058,verde_ftth
43059,verde_ftth
43121,gialli
43122,gialli
43123,gialli
43124,gialli
43125,gialli
43126,gialli
44011,gialli
44012,gialli
44015,gialli
44019,verde_ftth
44020,verde_ftth
44021,gialli
44022,verde_ftth
44023,verde_ftth
44026,verde_ftth
44027,verde_ftth
44028,verde_fwa
44033,verde_ftth
44034,gialli
44037,verde_ftth
44039,verde_ftth
44042,rossi
44047,verde_ftth
44049,verde_ftth
44121,gialli
44122,gialli
44123,gialli
45010,gialli
45010,verde_ftth
45010,verde_fwa
45011,verde_ftth
45012,verde_ftth
45014,gialli
45015,verde_ftth
45017,verde_ftth
45018,verde_fwa
45019,verde_fwa
45020,verde_ftth
45021,verde_ftth
45022,verde_ftth
45023,verde_ftth
45024,verde_ftth
45025,verde_ftth
45026,verde_ftth
45027,verde_ftth
45030,gialli
45030,verde_ftth
45030,verde_fwa
45031,verde_ftth
45032,verde_ftth
45033,verde_ftth
45034,verde_ftth
45035,verde_ftth
45036,verde_ftth
45037,verde_ftth
45038,verde_ftth
45039,verde_ftth
45100,gialli
46010,gialli
46010,rossi
46010,verde_ftth
46010,verde_fwa
46011,verde_fwa
46012,verde_ftth
46013,gialli
46014,verde_ftth
46017,verde_fwa
46018,verde_ftth
46019,verde_ftth
46020,gialli
46020,rossi
46020,verde_ftth
46023,verde_ftth
46024,verde_fwa
46025,verde_fwa
46026,verde_ftth
46027,verde_ftth
46028,gialli
46029,gialli
46030,gialli
46030,rossi
46031,verde_ftth
46032,verde_ftth
46033,verde_fwa
46034,verde_fwa
46035,verde_fwa
46036,gialli
46037,verde_ftth
46039,gialli
46040,gialli
46040,verde_ftth
46040,verde_fwa
46041,gialli
46042,gialli
46043,verde_fwa
46044,gialli
46045,gialli
46046,verde_ftth
46047,gialli
46048,gialli
46049,verde_ftth
46051,verde_ftth
46100,gialli
47010,verde_ftth
47011,verde_ftth
47012,verde_ftth
47013,verde_ftth
47014,verde_fwa
47015,verde_ftth
47016,verde_ftth
47017,verde_ftth
47018,verde_ftth
47019,verde_ftth
47020,verde_ftth
47021,verde_fwa
47025,verde_ftth
47027,verde_fwa
47028,verde_ftth
47030,verde_ftth
47030,verde_fwa
47032,verde_fwa
47034,gialli
47035,verde_fwa
47039,gialli
47042,verde_fwa
47043,verde_fwa
47121,gialli
47122,gialli
47521,gialli
47522,gialli
47814,gialli
47822,verde_ftth
47824,verde_ftth
47826,gialli
47832,verde_ftth
47833,verde_fwa
47834,verde_ftth
47835,verde_ftth
47836,verde_ftth
47837,verde_ftth
47838,verde_ftth
47841,verde_fwa
47842,verde_fwa
47843,verde_fwa
47853,verde_ftth
47854,verde_ftth
47855,verde_ftth
47861,verde_ftth
47862,verde_ftth
47863,verde_fwa
47864,verde_ftth
47865,gialli
47866,verde_ftth
47867,verde_ftth
47921,gialli
47922,gialli
47923,gialli
47924,gialli
48010,verde_ftth
48010,verde_fwa
48011,verde_fwa
48012,rossi
48013,verde_ftth
48014,verde_fwa
48015,gialli
48017,rossi
48018,gialli
48020,verde_ftth
48022,verde_ftth
48024,verde_fwa
48025,verde_ftth
48026,verde_fwa
48027,verde_ftth
48121,gialli
48122,gialli
48123,gialli
48124,gialli
48125,gialli
50012,gialli
50013,gialli
50014,gialli
50018,gialli
50019,gialli
50022,gialli
50023,gialli
50025,gialli
50026,rossi
50028,verde_ftth
50031,rossi
50032,verde_fwa
50033,verde_ftth
50034,verde_fwa
50035,verde_ftth
50036,verde_ftth
50038,verde_ftth
50039,gialli
50041,verde_ftth
50050,gialli
50050,verde_ftth
50050,verde_fwa
50051,rossi
50052,verde_ftth
50053,gialli
50054,verde_ftth
50055,verde_ftth
50056,gialli
50058,verde_ftth
50059,gialli
50060,gialli
50060,verde_ftth
50062,verde_fwa
50063,gialli
50065,verde_fwa
50066,gialli
50067,gialli
50068,gialli
50121,gialli
50122,gialli
50123,gialli
50124,gialli
50125,gialli
50126,gialli
50127,gialli
50129,gialli
50131,gialli
50132,gialli
50133,gialli
50134,gialli
50135,gialli
50136,gialli
50137,gialli
50139,gialli
50141,gialli
50142,gialli
50143,gialli
50144,gialli
50145,gialli
51010,gialli
51010,verde_ftth
51010,verde_fwa
51011,verde_fwa
51013,gialli
51015,verde_fwa
51016,verde_fwa
51017,verde_fwa
51018,verde_fwa
51019,rossi
51020,gialli
51024,gialli
51028,gialli
51031,gialli
51034,verde_fwa
51035,verde_ftth
51036,verde_ftth
51037,verde_ftth
51039,verde_ftth
51100,gialli
52010,gialli
52010,rossi
52010,verde_ftth
52010,verde_fwa
52011,gialli
52014,verde_ftth
52015,verde_fwa
52016,verde_ftth
52018,verde_ftth
52019,gialli
52021,verde_ftth
52022,rossi
52024,verde_ftth
52025,gialli
52026,verde_ftth
52027,verde_fwa
52028,verde_ftth
52029,gialli
52031,verde_ftth
52032,gialli
52033,verde_fwa
52035,verde_ftth
52036,rossi
52037,verde_ftth
52038,rossi
52041,verde_ftth
52043,verde_fwa
52044,verde_fwa
52045,verde_ftth
52046,verde_ftth
52047,verde_ftth
52048,verde_ftth
52100,gialli
53011,verde_fwa
53012,verde_fwa
53013,verde_ftth
53014,rossi
53015,verde_fwa
53016,rossi
53017,verde_ftth
53018,gialli
53019,gialli
53020,verde_ftth
53021,verde_ftth
53022,verde_ftth
53023,verde_ftth
53024,verde_ftth
53025,gialli
53026,verde_ftth
53027,verde_ftth
53030,gialli
53031,verde_ftth
53034,verde_ftth
53035,gialli
53036,gialli
53037,rossi
53040,verde_ftth
53040,verde_fwa
53041,rossi
53042,verde_ftth
53043,verde_ftth
53045,verde_fwa
53047,verde_fwa
53048,verde_ftth
53049,verde_ftth
53100,gialli
54010,verde_fwa
54011,gialli
54012,gialli
54013,gialli
54014,verde_fwa
54015,rossi
54016,gialli
54021,verde_fwa
54023,gialli
54026,gialli
54027,gialli
54028,verde_fwa
54029,rossi
54033,gialli
54035,gialli
54038,gialli
54100,gialli
55011,gialli
55012,gialli
55015,gialli
55016,rossi
55019,rossi
55020,gialli
55020,verde_ftth
55021,gialli
55022,gialli
55023,verde_fwa
55025,gialli
55027,gialli
55030,rossi
55030,verde_ftth
55031,verde_ftth
55032,verde_fwa
55033,verde_fwa
55034,gialli
55035,verde_fwa
55036,verde_ftth
55038,verde_ftth
55039,gialli
55040,gialli
55041,verde_ftth
55042,gialli
55045,verde_fwa
55047,verde_fwa
55049,gialli
55051,verde_fwa
55054,verde_fwa
55064,gialli
55100,gialli
56010,gialli
56011,verde_fwa
56012,verde_fwa
56017,gialli
56019,verde_ftth
56020,gialli
56020,verde_fwa
56021,gialli
56022,verde_ftth
56025,verde_ftth
56028,rossi
56029,verde_fwa
56030,verde_ftth
56031,gialli
56032,verde_fwa
56033,verde_ftth
56034,rossi
56035,gialli
56036,verde_ftth
56037,verde_ftth
56038,gialli
56040,gialli
56040,verde_ftth
56040,verde_fwa
56041,verde_fwa
56042,gialli
56043,verde_ftth
56045,verde_fwa
56046,verde_ftth
56048,verde_fwa
56121,gialli
56122,gialli
56123,gialli
56124,gialli
56125,gialli
56126,gialli
56127,gialli
56128,gialli
57014,gialli
57016,verde_fwa
57020,rossi
57021,gialli
57022,gialli
57023,gialli
57025,gialli
57027,verde_ftth
57028,verde_fwa
57030,gialli
57031,verde_fwa
57032,rossi
57033,gialli
57034,verde_fwa
57036,verde_ftth
57037,verde_ftth
57038,verde_ftth
57121,gialli
57122,gialli
57123,gialli
57124,gialli
57125,gialli
57126,gialli
57127,gialli
57128,gialli
58010,verde_ftth
58011,gialli
58012,rossi
58014,verde_ftth
58015,gialli
58017,verde_ftth
58019,gialli
58020,gialli
58022,verde_ftth
58023,verde_fwa
58024,gialli
58025,gialli
58026,verde_ftth
58031,verde_ftth
58033,verde_fwa
58034,rossi
58036,gialli
58037,verde_ftth
58038,verde_ftth
58042,verde_ftth
58043,verde_ftth
58044,verde_ftth
58045,verde_ftth
58051,verde_ftth
58053,verde_ftth
58054,verde_ftth
58055,verde_ftth
58100,gialli
59013,verde_ftth
59015,gialli
59016,verde_ftth
59021,verde_fwa
59024,verde_fwa
59025,gialli
59100,gialli
60010,gialli
60010,verde_ftth
60011,gialli
60012,gialli
60013,gialli
60015,verde_ftth
60018,verde_fwa
60019,gialli
60020,gialli
60020,verde_ftth
60020,verde_fwa
60021,verde_fwa
60022,rossi
60024,verde_fwa
60025,verde_ftth
60026,verde_fwa
60027,verde_ftth
60030,gialli
60030,rossi
60030,verde_ftth
60031,rossi
60033,gialli
60034,verde_ftth
60035,verde_ftth
60036,verde_ftth
60037,verde_ftth
60038,verde_ftth
60039,rossi
60040,verde_ftth
60041,rossi
60043,verde_ftth
60044,verde_ftth
60048,verde_ftth
60121,gialli
60122,gialli
60123,gialli
60124,gialli
60125,gialli
60126,gialli
60127,gialli
60128,gialli
60129,gialli
60131,gialli
61010,gialli
61010,verde_ftth
61010,verde_fwa
61011,verde_ftth
61012,verde_ftth
61013,rossi
61013,verde_ftth
61014,rossi
61020,gialli
61020,verde_fwa
61021,verde_ftth
61021,verde_fwa
61022,verde_ftth
61023,gialli
61023,verde_ftth
61024,gialli
61025,verde_ftth
61026,gialli
61026,verde_ftth
61026,verde_fwa
61028,gialli
61029,verde_fwa
61030,gialli
61030,verde_ftth
61032,gialli
61033,gialli
61034,verde_fwa
61036,verde_ftth
61037,verde_fwa
61038,verde_ftth
61039,gialli
61040,gialli
61040,rossi
61040,verde_ftth
61040,verde_fwa
61041,verde_fwa
61042,verde_ftth
61043,gialli
61044,gialli
61045,verde_fwa
61046,verde_ftth
61047,verde_fwa
61048,verde_fwa
61049,verde_fwa
61121,gialli
61122,gialli
62010,verde_ftth
62010,verde_fwa
62011,gialli
62012,gialli
62014,verde_ftth
62015,verde_fwa
62017,verde_ftth
62018,gialli
62019,verde_ftth
62020,gialli
62020,verde_ftth
62021,gialli
62021,verde_ftth
62022,verde_ftth
62024,verde_ftth
62024,verde_fwa
62025,verde_ftth
62026,verde_ftth
62027,verde_fwa
62028,verde_fwa
62029,verde_ftth
62031,verde_ftth
62032,gialli
62034,verde_ftth
62035,verde_ftth
62036,verde_ftth
62038,rossi
62039,verde_ftth
62100,gialli
63061,verde_ftth
63062,verde_ftth
63063,verde_ftth
63064,rossi
63065,verde_ftth
63066,gialli
63067,verde_ftth
63068,verde_ftth
63069,verde_ftth
63071,verde_ftth
63072,verde_ftth
63073,gialli
63074,gialli
63075,verde_ftth
63076,verde_ftth
63077,verde_ftth
63078,verde_fwa
63079,verde_ftth
63081,verde_ftth
63082,verde_ftth
63083,verde_ftth
63084,verde_ftth
63085,verde_ftth
63086,verde_ftth
63087,verde_ftth
63088,verde_ftth
63091,verde_ftth
63092,verde_ftth
63093,verde_ftth
63094,verde_ftth
63095,gialli
63096,verde_ftth
63100,gialli
63811,verde_fwa
63812,verde_fwa
63813,verde_fwa
63814,verde_fwa
63815,gialli
63816,verde_fwa
63821,verde_fwa
63822,verde_fwa
63823,verde_ftth
63824,verde_ftth
63825,verde_ftth
63826,verde_ftth
63827,verde_ftth
63828,verde_ftth
63831,verde_fwa
63832,verde_ftth
63833,verde_ftth
63834,verde_ftth
63835,verde_ftth
63836,verde_ftth
63837,verde_ftth
63838,verde_ftth
63839,verde_ftth
63841,verde_ftth
63842,verde_ftth
63843,verde_ftth
63844,verde_ftth
63845,verde_ftth
63846,gialli
63847,verde_ftth
63848,verde_ftth
63851,verde_ftth
63852,verde_ftth
63853,verde_ftth
63854,verde_ftth
63855,verde_ftth
63856,verde_ftth
63857,verde_ftth
63858,gialli
63900,verde_fwa
64010,gialli
64010,rossi
64010,verde_fwa
64011,gialli
64012,verde_ftth
64013,verde_fwa
64014,gialli
64015,verde_fwa
64016,verde_fwa
64018,verde_fwa
64020,gialli
64020,rossi
64020,verde_fwa
64021,gialli
64023,verde_fwa
64024,gialli
64025,verde_fwa
64026,verde_fwa
64027,gialli
64028,gialli
64030,gialli
64030,verde_ftth
64031,verde_ftth
64032,gialli
64033,gialli
64034,gialli
64035,verde_ftth
64036,verde_fwa
64037,verde_fwa
64039,gialli
64040,rossi
64041,gialli
64042,verde_fwa
64043,gialli
64044,verde_ftth
64045,verde_fwa
64046,verde_ftth
64047,verde_fwa
64049,verde_fwa
64100,gialli
65010,gialli
65010,rossi
65010,verde_ftth
65010,verde_fwa
65011,verde_ftth
65012,gialli
65013,gialli
65014,verde_fwa
65015,gialli
65017,gialli
65019,gialli
65020,gialli
65020,rossi
65020,verde_ftth
65020,verde_fwa
65022,verde_fwa
65023,rossi
65024,gialli
65025,verde_ftth
65026,verde_fwa
65027,gialli
65028,rossi
65029,rossi
65121,gialli
65122,gialli
65123,gialli
65124,gialli
65125,gialli
65126,gialli
65127,gialli
65128,gialli
65129,gialli
66010,gialli
66010,rossi
66010,verde_ftth
66010,verde_fwa
66011,gialli
66012,gialli
66014,verde_fwa
66015,verde_fwa
66016,gialli
66017,rossi
66018,verde_ftth
66019,gialli
66020,gialli
66020,rossi
66020,verde_ftth
66021,rossi
66022,verde_ftth
66023,verde_ftth
66026,verde_ftth
66030,gialli
66030,rossi
66030,verde_ftth
66031,verde_ftth
66032,gialli
66033,gialli
66034,verde_ftth
66036,gialli
66037,rossi
66038,gialli
66040,gialli
66040,verde_ftth
66041,gialli
66042,verde_ftth
66043,verde_ftth
66044,gialli
66045,verde_ftth
66046,rossi
66047,rossi
66050,gialli
66050,rossi
66050,verde_ftth
66051,verde_fwa
66052,rossi
66054,gialli
66100,gialli
67010,rossi
67012,rossi
67013,rossi
67014,gialli
67015,gialli
67017,rossi
67019,verde_fwa
67020,verde_ftth
67021,rossi
67022,verde_ftth
67023,verde_ftth
67024,rossi
67025,verde_ftth
67026,verde_ftth
67027,verde_fwa
67028,rossi
67029,verde_ftth
67030,gialli
67030,rossi
67030,verde_ftth
67030,verde_fwa
67031,verde_ftth
67032,verde_ftth
67033,rossi
67034,gialli
67035,verde_ftth
67036,verde_ftth
67037,verde_fwa
67038,rossi
67039,verde_fwa
67040,verde_ftth
67041,rossi
67043,verde_ftth
67044,verde_ftth
67045,verde_fwa
67046,verde_ftth
67047,verde_ftth
67048,verde_ftth
67049,gialli
67050,gialli
67050,rossi
67050,verde_ftth
67050,verde_fwa
67051,gialli
67052,gialli
67053,verde_fwa
67054,gialli
67055,verde_fwa
67056,verde_fwa
67057,rossi
67058,rossi
67059,gialli
67060,verde_ftth
67061,gialli
67062,gialli
67063,verde_fwa
67064,verde_ftth
67066,verde_fwa
67067,verde_fwa
67068,verde_fwa
67069,rossi
67100,gialli
70010,gialli
70010,rossi
70010,verde_ftth
70011,rossi
70013,rossi
70014,rossi
70015,rossi
70016,rossi
70017,rossi
70018,rossi
70019,rossi
70020,rossi
70020,verde_ftth
70021,rossi
70022,gialli
70023,rossi
70024,rossi
70025,rossi
70026,verde_ftth
70027,rossi
70028,rossi
70029,rossi
70032,gialli
70033,gialli
70037,verde_ftth
70038,gialli
70042,rossi
70043,gialli
70044,rossi
70054,verde_ftth
70056,gialli
70121,gialli
70122,gialli
70123,gialli
70124,gialli
70125,gialli
70126,gialli
70127,gialli
70128,gialli
70129,gialli
70131,gialli
70132,gialli
71010,rossi
71010,verde_ftth
71010,verde_fwa
71011,verde_ftth
71012,rossi
71013,rossi
71014,rossi
71015,rossi
71016,rossi
71017,verde_ftth
71018,verde_fwa
71019,rossi
71020,rossi
71021,rossi
71022,rossi
71023,rossi
71024,rossi
71025,rossi
71026,rossi
71027,rossi
71028,rossi
71029,rossi
71030,rossi
71030,verde_ftth
71031,rossi
71032,rossi
71033,rossi
71034,rossi
71035,rossi
71036,rossi
71037,rossi
71038,rossi
71039,rossi
71040,rossi
71041,rossi
71042,rossi
71043,gialli
71045,verde_ftth
71047,rossi
71048,verde_ftth
71121,gialli
71122,gialli
72012,rossi
72013,gialli
72014,gialli
72015,rossi
72017,rossi
72018,rossi
72019,rossi
72020,rossi
72020,verde_ftth
72021,verde_ftth
72022,rossi
72023,rossi
72024,rossi
72025,verde_ftth
72026,verde_ftth
72027,rossi
72028,verde_ftth
72029,rossi
72100,gialli
73010,rossi
73010,verde_ftth
73011,verde_ftth
73012,rossi
73013,rossi
73014,rossi
73015,rossi
73016,verde_ftth
73017,rossi
73018,rossi
73019,verde_ftth
73020,rossi
73020,verde_ftth
73021,verde_ftth
73022,rossi
73023,rossi
73024,rossi
73025,verde_ftth
73026,rossi
73027,rossi
73028,verde_ftth
73029,rossi
73030,rossi
73030,verde_ftth
73031,rossi
73032,rossi
73033,verde_ftth
73034,verde_ftth
73035,rossi
73036,rossi
73037,rossi
73038,rossi
73039,rossi
73040,rossi
73040,verde_ftth
73041,rossi
73042,verde_ftth
73043,verde_ftth
73044,rossi
73045,verde_ftth
73046,verde_ftth
73047,rossi
73048,verde_ftth
73049,rossi
73050,rossi
73051,rossi
73052,verde_ftth
73053,rossi
73054,verde_ftth
73055,rossi
73056,verde_ftth
73057,rossi
73058,rossi
73059,rossi
73100,gialli
74010,rossi
74011,rossi
74012,rossi
74013,rossi
74014,rossi
74015,gialli
74016,rossi
74017,rossi
74018,rossi
74019,rossi
74020,rossi
74020,verde_ftth
74021,rossi
74022,rossi
74023,rossi
74024,rossi
74026,rossi
74027,rossi
74028,verde_ftth
74121,gialli
74122,gialli
74123,gialli
75010,gialli
75010,rossi
75010,verde_ftth
75011,verde_ftth
75012,rossi
75013,verde_ftth
75014,verde_fwa
75015,verde_ftth
75016,rossi
75017,verde_ftth
75018,rossi
75019,verde_fwa
75020,gialli
75020,rossi
75021,verde_ftth
75022,rossi
75023,rossi
75024,rossi
75025,verde_fwa
75026,verde_ftth
75027,verde_ftth
75028,verde_ftth
75029,verde_ftth
75100,gialli
76011,gialli
76012,rossi
76013,rossi
76014,rossi
76015,rossi
76016,rossi
76017,rossi
76121,gialli
76123,rossi
76125,gialli
80010,gialli
80010,no_sell
80011,no_sell
80012,gialli
80013,no_sell
80014,no_sell
80016,gialli
80017,verde_ftth
80018,verde_ftth
80019,no_sell
80020,gialli
80020,no_sell
80021,gialli
80022,gialli
80023,gialli
80024,rossi
80025,gialli
80026,no_sell
80027,gialli
80028,gialli
80029,no_sell
80030,gialli
80030,rossi
80030,verde_fwa
80031,no_sell
80032,gialli
80033,verde_fwa
80034,gialli
80035,verde_ftth
80036,verde_fwa
80038,gialli
80039,verde_fwa
80040,gialli
80040,rossi
80040,verde_ftth
80041,rossi
80042,rossi
80044,gialli
80045,gialli
80046,gialli
80047,gialli
80048,verde_fwa
80049,verde_fwa
80050,gialli
80050,verde_fwa
80051,verde_fwa
80053,gialli
80054,verde_fwa
80055,no_sell
80056,gialli
80057,verde_fwa
80058,rossi
80059,gialli
80061,rossi
80062,verde_ftth
80063,rossi
80065,rossi
80067,rossi
80069,verde_fwa
80070,rossi
80070,verde_ftth
80071,rossi
80073,rossi
80074,rossi
80075,verde_ftth
80076,verde_ftth
80077,rossi
80078,gialli
80079,rossi
80121,no_sell
80122,no_sell
80123,no_sell
80124,no_sell
80125,no_sell
80126,no_sell
80127,no_sell
80128,no_sell
80129,no_sell
80131,no_sell
80132,no_sell
80133,no_sell
80134,no_sell
80135,no_sell
80136,no_sell
80137,no_sell
80138,no_sell
80139,no_sell
80141,no_sell
80142,no_sell
80143,no_sell
80144,no_sell
80145,no_sell
80146,no_sell
80147,no_sell
81010,gialli
81010,rossi
81010,verde_ftth
81011,verde_fwa
81012,verde_ftth
81013,gialli
81014,gialli
81014,verde_ftth
81016,gialli
81016,rossi
81017,verde_ftth
81020,gialli
81020,rossi
81020,verde_ftth
81020,verde_fwa
81021,gialli
81022,gialli
81023,verde_ftth
81024,verde_fwa
81025,rossi
81027,gialli
81028,verde_fwa
81030,gialli
81030,no_sell
81030,rossi
81030,verde_ftth
81030,verde_fwa
81031,no_sell
81032,rossi
81033,rossi
81034,rossi
81035,gialli
81036,gialli
81037,verde_ftth
81038,verde_ftth
81039,gialli
81040,gialli
81040,rossi
81040,verde_ftth
81040,verde_fwa
81041,verde_ftth
81041,verde_fwa
81042,verde_ftth
81042,verde_fwa
81043,verde_fwa
81044,gialli
81046,verde_ftth
81047,verde_ftth
81049,gialli
81050,gialli
81050,verde_ftth
81050,verde_fwa
81051,gialli
81051,verde_fwa
81052,verde_ftth
81053,verde_ftth
81054,rossi
81055,rossi
81056,gialli
81057,gialli
81058,verde_fwa
81059,gialli
81100,gialli
82010,gialli
82010,verde_ftth
82010,verde_fwa
82011,verde_ftth
82011,verde_fwa
82013,gialli
82015,verde_ftth
82016,verde_fwa
82017,verde_ftth
82018,gialli
82018,verde_fwa
82019,verde_fwa
82020,gialli
82020,rossi
82020,verde_ftth
82020,verde_fwa
82021,gialli
82021,verde_ftth
82022,verde_ftth
82023,verde_ftth
82024,verde_ftth
82025,verde_ftth
82026,verde_ftth
82027,gialli
82027,verde_ftth
82028,verde_ftth
82029,verde_ftth
82030,gialli
82030,rossi
82030,verde_ftth
82030,verde_fwa
82031,verde_ftth
82032,verde_ftth
82033,verde_fwa
82034,rossi
82034,verde_ftth
82036,gialli
82037,gialli
82037,verde_fwa
82038,verde_ftth
82100,gialli
83010,gialli
83011,verde_fwa
83012,verde_fwa
83013,gialli
83014,gialli
83015,gialli
83016,verde_ftth
83017,verde_ftth
83018,gialli
83020,gialli
83020,rossi
83020,verde_ftth
83020,verde_fwa
83021,verde_fwa
83022,verde_fwa
83023,rossi
83024,verde_ftth
83025,verde_fwa
83027,gialli
83028,gialli
83029,rossi
83030,gialli
83030,rossi
83030,verde_ftth
83030,verde_fwa
83031,verde_ftth
83032,verde_ftth
83034,verde_ftth
83035,verde_fwa
83036,verde_ftth
83037,verde_ftth
83038,verde_ftth
83039,gialli
83040,gialli
83040,rossi
83040,verde_ftth
83040,verde_fwa
83041,verde_ftth
83042,verde_fwa
83043,verde_ftth
83044,verde_ftth
83045,rossi
83046,verde_ftth
83047,verde_fwa
83048,verde_fwa
83049,verde_ftth
83050,gialli
83050,rossi
83050,verde_ftth
83051,verde_ftth
83052,verde_ftth
83053,rossi
83054,verde_ftth
83055,verde_ftth
83056,verde_ftth
83057,verde_ftth
83058,verde_ftth
83059,verde_ftth
83100,gialli
84010,gialli
84010,rossi
84010,verde_ftth
84010,verde_fwa
84011,rossi
84012,verde_fwa
84013,gialli
84014,gialli
84015,gialli
84016,gialli
84017,rossi
84018,gialli
84019,rossi
84020,gialli
84020,rossi
84020,verde_ftth
84020,verde_fwa
84021,gialli
84022,verde_fwa
84024,gialli
84025,gialli
84026,verde_ftth
84027,verde_ftth
84028,gialli
84029,verde_ftth
84030,gialli
84030,rossi
84030,verde_ftth
84031,gialli
84032,verde_ftth
84033,verde_ftth
84034,verde_ftth
84035,verde_fwa
84036,gialli
84037,gialli
84038,verde_ftth
84039,verde_ftth
84040,gialli
84040,rossi
84040,verde_ftth
84042,rossi
84043,gialli
84044,verde_ftth
84045,gialli
84046,verde_ftth
84047,verde_ftth
84048,verde_ftth
84049,gialli
84050,gialli
84050,rossi
84050,verde_ftth
84051,verde_ftth
84052,verde_ftth
84053,verde_ftth
84055,rossi
84056,rossi
84057,rossi
84059,verde_fwa
84060,gialli
84060,rossi
84060,verde_ftth
84060,verde_fwa
84061,gialli
84062,verde_ftth
84065,rossi
84066,verde_ftth
84067,verde_ftth
84068,verde_ftth
84069,verde_ftth
84070,gialli
84070,rossi
84070,verde_ftth
84073,gialli
84074,gialli
84075,rossi
84076,verde_ftth
84077,gialli
84078,rossi
84079,verde_ftth
84080,rossi
84080,verde_ftth
84081,gialli
84082,verde_ftth
84083,rossi
84084,rossi
84085,gialli
84086,gialli
84087,verde_ftth
84088,rossi
84090,rossi
84090,verde_ftth
84091,gialli
84092,gialli
84095,verde_fwa
84096,gialli
84098,gialli
84099,verde_ftth
84121,gialli
84122,gialli
84123,gialli
84124,gialli
84125,gialli
84126,gialli
84127,gialli
84128,gialli
84129,gialli
84131,gialli
84132,gialli
84133,gialli
84134,gialli
84135,gialli
85010,gialli
85010,rossi
85010,verde_ftth
85011,rossi
85012,rossi
85013,rossi
85014,rossi
85015,rossi
85016,gialli
85017,rossi
85018,verde_ftth
85020,rossi
85020,verde_ftth
85020,verde_fwa
85021,verde_fwa
85022,verde_ftth
85023,verde_ftth
85024,rossi
85025,verde_fwa
85026,rossi
85027,verde_ftth
85028,verde_ftth
85029,gialli
85030,verde_ftth
85031,verde_ftth
85032,verde_ftth
85032,verde_fwa
85033,verde_ftth
85034,verde_ftth
85035,gialli
85036,verde_ftth
85037,verde_ftth
85038,verde_fwa
85039,gialli
85040,verde_ftth
85042,verde_ftth
85043,rossi
85044,verde_ftth
85046,verde_fwa
85047,verde_fwa
85048,rossi
85049,verde_ftth
85050,gialli
85050,verde_ftth
85050,verde_fwa
85051,verde_ftth
85052,gialli
85053,gialli
85054,verde_fwa
85055,gialli
85056,gialli
85057,verde_fwa
85058,verde_fwa
85059,verde_ftth
85100,gialli
86010,verde_ftth
86011,verde_ftth
86012,verde_ftth
86013,verde_ftth
86014,verde_ftth
86015,verde_ftth
86016,verde_ftth
86017,verde_ftth
86018,verde_ftth
86019,verde_fwa
86020,gialli
86020,verde_ftth
86021,verde_ftth
86022,verde_ftth
86023,verde_ftth
86024,verde_ftth
86025,verde_ftth
86026,verde_ftth
86027,verde_ftth
86028,verde_ftth
86029,verde_ftth
86030,verde_ftth
86031,verde_ftth
86032,verde_ftth
86033,verde_ftth
86034,rossi
86035,verde_fwa
86036,verde_ftth
86037,verde_ftth
86038,rossi
86039,verde_ftth
86040,rossi
86040,verde_ftth
86041,verde_ftth
86042,rossi
86043,verde_ftth
86044,verde_ftth
86045,rossi
86046,rossi
86047,verde_ftth
86048,verde_ftth
86049,rossi
86070,rossi
86070,verde_ftth
86071,verde_ftth
86072,verde_ftth
86073,verde_ftth
86074,verde_ftth
86075,rossi
86077,rossi
86078,rossi
86079,rossi
86080,gialli
86080,verde_ftth
86081,verde_ftth
86082,verde_ftth
86083,verde_ftth
86084,verde_ftth
86085,verde_ftth
86086,verde_ftth
86087,verde_ftth
86088,verde_ftth
86089,verde_ftth
86090,verde_ftth
86091,verde_ftth
86092,verde_ftth
86093,verde_ftth
86094,verde_ftth
86095,verde_ftth
86096,verde_ftth
86097,verde_ftth
86100,gialli
86170,verde_ftth
87010,gialli
87010,rossi
87010,verde_fwa
87011,rossi
87012,verde_fwa
87013,rossi
87014,rossi
87015,rossi
87016,verde_fwa
87017,gialli
87018,gialli
87019,verde_fwa
87020,rossi
87020,verde_ftth
87021,rossi
87022,rossi
87023,rossi
87024,rossi
87026,rossi
87027,rossi
87028,rossi
87029,rossi
87030,gialli
87030,rossi
87031,rossi
87032,rossi
87033,rossi
87034,verde_fwa
87035,rossi
87036,verde_ftth
87037,gialli
87038,rossi
87040,gialli
87040,rossi
87040,verde_fwa
87041,gialli
87042,verde_fwa
87043,gialli
87044,rossi
87045,verde_ftth
87046,verde_fwa
87047,verde_ftth
87048,gialli
87050,gialli
87050,rossi
87050,verde_ftth
87051,gialli
87053,gialli
87054,verde_fwa
87055,rossi
87056,verde_fwa
87057,gialli
87058,gialli
87059,gialli
87060,rossi
87061,rossi
87062,rossi
87064,rossi
87066,rossi
87069,rossi
87070,gialli
87070,rossi
87071,rossi
87072,rossi
87073,rossi
87074,rossi
87075,rossi
87076,rossi
87100,gialli
88020,gialli
88020,rossi
88021,gialli
88022,verde_ftth
88024,rossi
88025,gialli
88040,gialli
88040,rossi
88040,verde_ftth
88040,verde_fwa
88041,rossi
88042,verde_fwa
88044,verde_fwa
88045,rossi
88046,rossi
88047,gialli
88049,rossi
88050,gialli
88050,rossi
88050,verde_ftth
88050,verde_fwa
88051,verde_fwa
88054,gialli
88055,rossi
88056,gialli
88060,gialli
88060,rossi
88060,verde_fwa
88062,rossi
88064,gialli
88065,rossi
88067,gialli
88067,rossi
88068,gialli
88069,gialli
88069,verde_fwa
88070,verde_fwa
88100,gialli
88811,rossi
88812,rossi
88813,rossi
88814,rossi
88816,rossi
88817,rossi
88818,rossi
88819,rossi
88821,verde_fwa
88822,rossi
88823,rossi
88824,gialli
88825,rossi
88831,verde_fwa
88832,gialli
88833,rossi
88834,rossi
88835,verde_fwa
88836,rossi
88837,gialli
88838,rossi
88841,rossi
88842,gialli
88900,gialli
89010,rossi
89011,rossi
89012,rossi
89013,rossi
89014,rossi
89015,verde_ftth
89016,gialli
89017,gialli
89018,rossi
89020,gialli
89020,rossi
89020,verde_fwa
89021,verde_fwa
89022,gialli
89023,verde_fwa
89024,verde_fwa
89025,verde_ftth
89026,rossi
89027,rossi
89028,rossi
89029,rossi
89030,rossi
89031,verde_ftth
89032,verde_ftth
89033,rossi
89034,verde_ftth
89035,verde_ftth
89036,rossi
89038,rossi
89039,rossi
89040,rossi
89041,rossi
89042,rossi
89043,rossi
89044,rossi
89045,rossi
89046,rossi
89047,verde_ftth
89048,rossi
89049,rossi
89050,rossi
89050,verde_fwa
89052,verde_ftth
89054,rossi
89056,rossi
89057,rossi
89058,rossi
89060,rossi
89063,rossi
89064,rossi
89065,rossi
89069,rossi
89121,gialli
89122,gialli
89123,gialli
89124,gialli
89125,gialli
89126,gialli
89127,gialli
89128,gialli
89129,gialli
89131,gialli
89132,gialli
89133,gialli
89134,gialli
89135,gialli
89812,rossi
89813,rossi
89814,gialli
89815,rossi
89816,gialli
89817,gialli
89818,rossi
89819,rossi
89821,gialli
89821,rossi
89822,rossi
89823,rossi
89824,rossi
89831,gialli
89831,verde_fwa
89832,rossi
89833,rossi
89834,gialli
89834,verde_fwa
89841,rossi
89842,gialli
89843,verde_ftth
89843,verde_fwa
89844,rossi
89851,gialli
89852,gialli
89853,gialli
89861,rossi
89862,rossi
89863,rossi
89864,rossi
89866,rossi
89867,rossi
89868,rossi
89900,verde_ftth
90010,gialli
90010,rossi
90010,verde_ftth
90010,verde_fwa
90011,gialli
90012,gialli
90013,rossi
90014,verde_ftth
90015,verde_ftth
90016,verde_ftth
90017,verde_ftth
90018,verde_ftth
90019,verde_ftth
90020,gialli
90020,rossi
90020,verde_ftth
90020,verde_fwa
90021,verde_ftth
90022,verde_fwa
90023,verde_ftth
90024,rossi
90025,verde_ftth
90026,verde_ftth
90027,rossi
90028,rossi
90029,verde_ftth
90030,gialli
90030,rossi
90030,verde_ftth
90030,verde_fwa
90031,rossi
90032,verde_ftth
90033,verde_ftth
90034,rossi
90035,verde_fwa
90036,verde_ftth
90037,verde_ftth
90038,verde_ftth
90039,rossi
90040,rossi
90040,verde_ftth
90041,verde_ftth
90042,verde_ftth
90043,verde_ftth
90044,verde_fwa
90045,verde_ftth
90046,verde_fwa
90047,verde_ftth
90048,rossi
90049,rossi
90121,gialli
90123,gialli
90124,gialli
90125,gialli
90126,gialli
90127,gialli
90128,gialli
90129,gialli
90131,gialli
90133,gialli
90134,gialli
90135,gialli
90136,gialli
90138,gialli
90139,gialli
90141,gialli
90142,gialli
90143,gialli
90144,gialli
90145,gialli
90146,gialli
90147,gialli
90149,gialli
90151,gialli
91010,gialli
91010,rossi
91011,gialli
91012,verde_ftth
91013,gialli
91014,verde_ftth
91015,verde_ftth
91016,verde_fwa
91017,verde_fwa
91018,verde_fwa
91019,gialli
91020,verde_ftth
91021,rossi
91022,rossi
91023,rossi
91024,verde_ftth
91025,gialli
91026,gialli
91027,gialli
91027,verde_ftth
91028,verde_fwa
91029,verde_ftth
91100,gialli
92010,gialli
92010,rossi
92010,verde_ftth
92010,verde_fwa
92011,verde_ftth
92012,verde_ftth
92013,gialli
92014,verde_fwa
92015,gialli
92016,verde_fwa
92017,verde_ftth
92018,verde_ftth
92019,verde_fwa
92020,rossi
92020,verde_ftth
92020,verde_fwa
92021,gialli
92022,gialli
92023,verde_fwa
92024,rossi
92025,rossi
92026,rossi
92027,rossi
92028,rossi
92029,verde_fwa
92100,gialli
93010,rossi
93010,verde_ftth
93010,verde_fwa
93011,rossi
93012,gialli
93013,verde_fwa
93014,rossi
93015,rossi
93016,verde_fwa
93017,verde_ftth
93018,rossi
93019,verde_fwa
93100,gialli
94010,verde_ftth
94010,verde_fwa
94011,verde_fwa
94012,rossi
94013,gialli
94014,rossi
94015,verde_fwa
94016,rossi
94017,gialli
94018,verde_fwa
94019,rossi
94100,verde_ftth
95010,gialli
95010,verde_ftth
95011,verde_fwa
95012,verde_fwa
95013,verde_fwa
95014,verde_ftth
95015,gialli
95016,verde_ftth
95017,verde_ftth
95018,verde_ftth
95019,verde_ftth
95020,verde_ftth
95021,verde_fwa
95022,gialli
95024,gialli
95025,verde_fwa
95027,verde_ftth
95028,verde_ftth
95029,gialli
95030,gialli
95030,verde_ftth
95030,verde_fwa
95031,rossi
95032,rossi
95033,rossi
95034,verde_fwa
95035,gialli
95036,gialli
95037,verde_ftth
95038,rossi
95039,verde_ftth
95040,gialli
95040,rossi
95040,verde_ftth
95041,verde_ftth
95042,rossi
95043,rossi
95044,rossi
95045,rossi
95046,rossi
95047,gialli
95048,rossi
95049,rossi
95121,gialli
95122,gialli
95123,gialli
95124,gialli
95125,gialli
95126,gialli
95127,gialli
95128,gialli
95129,gialli
95131,gialli
96010,rossi
96010,verde_ftth
96011,rossi
96012,rossi
96013,rossi
96014,rossi
96015,rossi
96016,rossi
96017,verde_ftth
96018,verde_ftth
96019,rossi
96100,gialli
97010,verde_ftth
97011,rossi
97012,verde_ftth
97013,rossi
97014,rossi
97015,gialli
97016,rossi
97017,rossi
97018,rossi
97019,gialli
97100,gialli
98020,rossi
98020,verde_ftth
98020,verde_fwa
98021,verde_ftth
98022,rossi
98023,verde_ftth
98025,verde_ftth
98026,verde_ftth
98027,verde_ftth
98028,verde_ftth
98029,verde_fwa
98030,gialli
98030,rossi
98030,verde_ftth
98030,verde_fwa
98031,verde_ftth
98032,verde_ftth
98033,verde_ftth
98034,verde_ftth
98035,gialli
98036,rossi
98037,verde_fwa
98038,verde_fwa
98039,verde_fwa
98040,rossi
98040,verde_ftth
98041,verde_ftth
98042,gialli
98043,rossi
98044,verde_fwa
98045,verde_ftth
98046,verde_ftth
98047,verde_ftth
98048,rossi
98049,rossi
98050,verde_ftth
98051,gialli
98053,verde_ftth
98054,rossi
98055,verde_fwa
98056,verde_ftth
98057,gialli
98058,verde_ftth
98059,verde_ftth
98060,verde_ftth
98061,verde_ftth
98062,verde_ftth
98063,verde_ftth
98064,verde_ftth
98065,verde_ftth
98066,verde_ftth
98067,rossi
98068,verde_ftth
98069,verde_ftth
98070,rossi
98070,verde_ftth
98071,verde_ftth
98072,verde_ftth
98073,verde_ftth
98074,verde_ftth
98075,verde_ftth
98076,rossi
98077,verde_ftth
98078,verde_ftth
98079,verde_ftth
98121,gialli
98122,gialli
98123,gialli
98124,gialli
98125,gialli
98126,gialli
98127,gialli
98128,gialli
98129,gialli
98131,gialli
98132,gialli
98133,gialli
98134,gialli
98135,gialli
98136,gialli
98137,gialli
98138,gialli
98139,gialli
98141,gialli
98142,gialli
98143,gialli
98144,gialli
98145,gialli
98146,gialli
98147,gialli
98148,gialli
98149,gialli
98151,gialli
98152,gialli
98153,gialli
98154,gialli
98155,gialli
98156,gialli
98157,gialli
98158,gialli
98161,gialli
98162,gialli
98163,gialli
98164,gialli
98165,gialli
98166,gialli
98167,gialli
98168,gialli
